Lower Tier Local Authorities Code,Lower Tier Local Authorities,Sexual orientation (6 categories) Code,Sexual orientation (6 categories),Observation
E06000001,Hartlepool,-8,Does not apply,0
E06000001,Hartlepool,1,Straight or Heterosexual,68070
E06000001,Hartlepool,2,Gay or Lesbian,1121
E06000001,Hartlepool,3,Bisexual,784
E06000001,Hartlepool,4,All other sexual orientations,157
E06000001,Hartlepool,5,Not answered,4554
E06000002,Middlesbrough,-8,Does not apply,0
E06000002,Middlesbrough,1,Straight or Heterosexual,102027
E06000002,Middlesbrough,2,Gay or Lesbian,1787
E06000002,Middlesbrough,3,Bisexual,1385
E06000002,Middlesbrough,4,All other sexual orientations,441
E06000002,Middlesbrough,5,Not answered,8298
E06000003,Redcar and Cleveland,-8,Does not apply,0
E06000003,Redcar and Cleveland,1,Straight or Heterosexual,102561
E06000003,Redcar and Cleveland,2,Gay or Lesbian,1492
E06000003,Redcar and Cleveland,3,Bisexual,995
E06000003,Redcar and Cleveland,4,All other sexual orientations,248
E06000003,Redcar and Cleveland,5,Not answered,7046
E06000004,Stockton-on-Tees,-8,Does not apply,0
E06000004,Stockton-on-Tees,1,Straight or Heterosexual,144661
E06000004,Stockton-on-Tees,2,Gay or Lesbian,2283
E06000004,Stockton-on-Tees,3,Bisexual,1471
E06000004,Stockton-on-Tees,4,All other sexual orientations,327
E06000004,Stockton-on-Tees,5,Not answered,9268
E06000005,Darlington,-8,Does not apply,0
E06000005,Darlington,1,Straight or Heterosexual,80549
E06000005,Darlington,2,Gay or Lesbian,1333
E06000005,Darlington,3,Bisexual,990
E06000005,Darlington,4,All other sexual orientations,224
E06000005,Darlington,5,Not answered,5010
E06000006,Halton,-8,Does not apply,0
E06000006,Halton,1,Straight or Heterosexual,95532
E06000006,Halton,2,Gay or Lesbian,1555
E06000006,Halton,3,Bisexual,976
E06000006,Halton,4,All other sexual orientations,207
E06000006,Halton,5,Not answered,5676
E06000007,Warrington,-8,Does not apply,0
E06000007,Warrington,1,Straight or Heterosexual,158539
E06000007,Warrington,2,Gay or Lesbian,2254
E06000007,Warrington,3,Bisexual,1704
E06000007,Warrington,4,All other sexual orientations,390
E06000007,Warrington,5,Not answered,9832
E06000008,Blackburn with Darwen,-8,Does not apply,0
E06000008,Blackburn with Darwen,1,Straight or Heterosexual,107093
E06000008,Blackburn with Darwen,2,Gay or Lesbian,1221
E06000008,Blackburn with Darwen,3,Bisexual,981
E06000008,Blackburn with Darwen,4,All other sexual orientations,321
E06000008,Blackburn with Darwen,5,Not answered,9892
E06000009,Blackpool,-8,Does not apply,0
E06000009,Blackpool,1,Straight or Heterosexual,102898
E06000009,Blackpool,2,Gay or Lesbian,3794
E06000009,Blackpool,3,Bisexual,1572
E06000009,Blackpool,4,All other sexual orientations,326
E06000009,Blackpool,5,Not answered,7749
E06000010,Kingston upon Hull,-8,Does not apply,0
E06000010,Kingston upon Hull,1,Straight or Heterosexual,188281
E06000010,Kingston upon Hull,2,Gay or Lesbian,3655
E06000010,Kingston upon Hull,3,Bisexual,3522
E06000010,Kingston upon Hull,4,All other sexual orientations,880
E06000010,Kingston upon Hull,5,Not answered,17539
E06000011,East Riding of Yorkshire,-8,Does not apply,0
E06000011,East Riding of Yorkshire,1,Straight or Heterosexual,262847
E06000011,East Riding of Yorkshire,2,Gay or Lesbian,2995
E06000011,East Riding of Yorkshire,3,Bisexual,2325
E06000011,East Riding of Yorkshire,4,All other sexual orientations,459
E06000011,East Riding of Yorkshire,5,Not answered,19514
E06000012,North East Lincolnshire,-8,Does not apply,0
E06000012,North East Lincolnshire,1,Straight or Heterosexual,115780
E06000012,North East Lincolnshire,2,Gay or Lesbian,1564
E06000012,North East Lincolnshire,3,Bisexual,1400
E06000012,North East Lincolnshire,4,All other sexual orientations,300
E06000012,North East Lincolnshire,5,Not answered,8480
E06000013,North Lincolnshire,-8,Does not apply,0
E06000013,North Lincolnshire,1,Straight or Heterosexual,126559
E06000013,North Lincolnshire,2,Gay or Lesbian,1565
E06000013,North Lincolnshire,3,Bisexual,1281
E06000013,North Lincolnshire,4,All other sexual orientations,392
E06000013,North Lincolnshire,5,Not answered,9670
E06000014,York,-8,Does not apply,0
E06000014,York,1,Straight or Heterosexual,148921
E06000014,York,2,Gay or Lesbian,3507
E06000014,York,3,Bisexual,4904
E06000014,York,4,All other sexual orientations,1141
E06000014,York,5,Not answered,13610
E06000015,Derby,-8,Does not apply,0
E06000015,Derby,1,Straight or Heterosexual,184221
E06000015,Derby,2,Gay or Lesbian,2764
E06000015,Derby,3,Bisexual,3040
E06000015,Derby,4,All other sexual orientations,932
E06000015,Derby,5,Not answered,18235
E06000016,Leicester,-8,Does not apply,0
E06000016,Leicester,1,Straight or Heterosexual,250153
E06000016,Leicester,2,Gay or Lesbian,3291
E06000016,Leicester,3,Bisexual,5303
E06000016,Leicester,4,All other sexual orientations,1420
E06000016,Leicester,5,Not answered,30847
E06000017,Rutland,-8,Does not apply,0
E06000017,Rutland,1,Straight or Heterosexual,31470
E06000017,Rutland,2,Gay or Lesbian,381
E06000017,Rutland,3,Bisexual,292
E06000017,Rutland,4,All other sexual orientations,72
E06000017,Rutland,5,Not answered,2083
E06000018,Nottingham,-8,Does not apply,0
E06000018,Nottingham,1,Straight or Heterosexual,225477
E06000018,Nottingham,2,Gay or Lesbian,4757
E06000018,Nottingham,3,Bisexual,6742
E06000018,Nottingham,4,All other sexual orientations,1430
E06000018,Nottingham,5,Not answered,25917
E06000019,Herefordshire,-8,Does not apply,0
E06000019,Herefordshire,1,Straight or Heterosexual,140948
E06000019,Herefordshire,2,Gay or Lesbian,1641
E06000019,Herefordshire,3,Bisexual,1420
E06000019,Herefordshire,4,All other sexual orientations,367
E06000019,Herefordshire,5,Not answered,12757
E06000020,Telford and Wrekin,-8,Does not apply,0
E06000020,Telford and Wrekin,1,Straight or Heterosexual,134069
E06000020,Telford and Wrekin,2,Gay or Lesbian,1974
E06000020,Telford and Wrekin,3,Bisexual,1726
E06000020,Telford and Wrekin,4,All other sexual orientations,408
E06000020,Telford and Wrekin,5,Not answered,10497
E06000021,Stoke-on-Trent,-8,Does not apply,0
E06000021,Stoke-on-Trent,1,Straight or Heterosexual,183110
E06000021,Stoke-on-Trent,2,Gay or Lesbian,2956
E06000021,Stoke-on-Trent,3,Bisexual,2782
E06000021,Stoke-on-Trent,4,All other sexual orientations,677
E06000021,Stoke-on-Trent,5,Not answered,16377
E06000022,Bath and North East Somerset,-8,Does not apply,0
E06000022,Bath and North East Somerset,1,Straight or Heterosexual,142696
E06000022,Bath and North East Somerset,2,Gay or Lesbian,2449
E06000022,Bath and North East Somerset,3,Bisexual,3282
E06000022,Bath and North East Somerset,4,All other sexual orientations,716
E06000022,Bath and North East Somerset,5,Not answered,12475
E06000023,Bristol,-8,Does not apply,0
E06000023,Bristol,1,Straight or Heterosexual,333008
E06000023,Bristol,2,Gay or Lesbian,8568
E06000023,Bristol,3,Bisexual,12020
E06000023,Bristol,4,All other sexual orientations,3061
E06000023,Bristol,5,Not answered,33051
E06000024,North Somerset,-8,Does not apply,0
E06000024,North Somerset,1,Straight or Heterosexual,161781
E06000024,North Somerset,2,Gay or Lesbian,2264
E06000024,North Somerset,3,Bisexual,2012
E06000024,North Somerset,4,All other sexual orientations,431
E06000024,North Somerset,5,Not answered,12080
E06000025,South Gloucestershire,-8,Does not apply,0
E06000025,South Gloucestershire,1,Straight or Heterosexual,215157
E06000025,South Gloucestershire,2,Gay or Lesbian,3064
E06000025,South Gloucestershire,3,Bisexual,2944
E06000025,South Gloucestershire,4,All other sexual orientations,691
E06000025,South Gloucestershire,5,Not answered,15510
E06000026,Plymouth,-8,Does not apply,0
E06000026,Plymouth,1,Straight or Heterosexual,194465
E06000026,Plymouth,2,Gay or Lesbian,4297
E06000026,Plymouth,3,Bisexual,4509
E06000026,Plymouth,4,All other sexual orientations,924
E06000026,Plymouth,5,Not answered,14429
E06000027,Torbay,-8,Does not apply,0
E06000027,Torbay,1,Straight or Heterosexual,104729
E06000027,Torbay,2,Gay or Lesbian,2035
E06000027,Torbay,3,Bisexual,1344
E06000027,Torbay,4,All other sexual orientations,298
E06000027,Torbay,5,Not answered,8626
E06000030,Swindon,-8,Does not apply,0
E06000030,Swindon,1,Straight or Heterosexual,168642
E06000030,Swindon,2,Gay or Lesbian,2416
E06000030,Swindon,3,Bisexual,2353
E06000030,Swindon,4,All other sexual orientations,570
E06000030,Swindon,5,Not answered,13173
E06000031,Peterborough,-8,Does not apply,0
E06000031,Peterborough,1,Straight or Heterosexual,149442
E06000031,Peterborough,2,Gay or Lesbian,1889
E06000031,Peterborough,3,Bisexual,1967
E06000031,Peterborough,4,All other sexual orientations,710
E06000031,Peterborough,5,Not answered,13565
E06000032,Luton,-8,Does not apply,0
E06000032,Luton,1,Straight or Heterosexual,151740
E06000032,Luton,2,Gay or Lesbian,1420
E06000032,Luton,3,Bisexual,1753
E06000032,Luton,4,All other sexual orientations,753
E06000032,Luton,5,Not answered,17032
E06000033,Southend-on-Sea,-8,Does not apply,0
E06000033,Southend-on-Sea,1,Straight or Heterosexual,131459
E06000033,Southend-on-Sea,2,Gay or Lesbian,2342
E06000033,Southend-on-Sea,3,Bisexual,1917
E06000033,Southend-on-Sea,4,All other sexual orientations,467
E06000033,Southend-on-Sea,5,Not answered,10223
E06000034,Thurrock,-8,Does not apply,0
E06000034,Thurrock,1,Straight or Heterosexual,124683
E06000034,Thurrock,2,Gay or Lesbian,1259
E06000034,Thurrock,3,Bisexual,1095
E06000034,Thurrock,4,All other sexual orientations,372
E06000034,Thurrock,5,Not answered,8954
E06000035,Medway,-8,Does not apply,0
E06000035,Medway,1,Straight or Heterosexual,201694
E06000035,Medway,2,Gay or Lesbian,2979
E06000035,Medway,3,Bisexual,2528
E06000035,Medway,4,All other sexual orientations,674
E06000035,Medway,5,Not answered,14881
E06000036,Bracknell Forest,-8,Does not apply,0
E06000036,Bracknell Forest,1,Straight or Heterosexual,91303
E06000036,Bracknell Forest,2,Gay or Lesbian,1324
E06000036,Bracknell Forest,3,Bisexual,1031
E06000036,Bracknell Forest,4,All other sexual orientations,261
E06000036,Bracknell Forest,5,Not answered,6014
E06000037,West Berkshire,-8,Does not apply,0
E06000037,West Berkshire,1,Straight or Heterosexual,119258
E06000037,West Berkshire,2,Gay or Lesbian,1419
E06000037,West Berkshire,3,Bisexual,1293
E06000037,West Berkshire,4,All other sexual orientations,307
E06000037,West Berkshire,5,Not answered,8459
E06000038,Reading,-8,Does not apply,0
E06000038,Reading,1,Straight or Heterosexual,122731
E06000038,Reading,2,Gay or Lesbian,2296
E06000038,Reading,3,Bisexual,2791
E06000038,Reading,4,All other sexual orientations,804
E06000038,Reading,5,Not answered,12738
E06000039,Slough,-8,Does not apply,0
E06000039,Slough,1,Straight or Heterosexual,104943
E06000039,Slough,2,Gay or Lesbian,806
E06000039,Slough,3,Bisexual,1095
E06000039,Slough,4,All other sexual orientations,413
E06000039,Slough,5,Not answered,11677
E06000040,Windsor and Maidenhead,-8,Does not apply,0
E06000040,Windsor and Maidenhead,1,Straight or Heterosexual,112211
E06000040,Windsor and Maidenhead,2,Gay or Lesbian,1585
E06000040,Windsor and Maidenhead,3,Bisexual,1010
E06000040,Windsor and Maidenhead,4,All other sexual orientations,258
E06000040,Windsor and Maidenhead,5,Not answered,8613
E06000041,Wokingham,-8,Does not apply,0
E06000041,Wokingham,1,Straight or Heterosexual,128426
E06000041,Wokingham,2,Gay or Lesbian,1467
E06000041,Wokingham,3,Bisexual,1311
E06000041,Wokingham,4,All other sexual orientations,364
E06000041,Wokingham,5,Not answered,9253
E06000042,Milton Keynes,-8,Does not apply,0
E06000042,Milton Keynes,1,Straight or Heterosexual,202083
E06000042,Milton Keynes,2,Gay or Lesbian,2757
E06000042,Milton Keynes,3,Bisexual,2806
E06000042,Milton Keynes,4,All other sexual orientations,777
E06000042,Milton Keynes,5,Not answered,16408
E06000043,Brighton and Hove,-8,Does not apply,0
E06000043,Brighton and Hove,1,Straight or Heterosexual,189745
E06000043,Brighton and Hove,2,Gay or Lesbian,13726
E06000043,Brighton and Hove,3,Bisexual,8916
E06000043,Brighton and Hove,4,All other sexual orientations,2605
E06000043,Brighton and Hove,5,Not answered,20375
E06000044,Portsmouth,-8,Does not apply,0
E06000044,Portsmouth,1,Straight or Heterosexual,149768
E06000044,Portsmouth,2,Gay or Lesbian,3386
E06000044,Portsmouth,3,Bisexual,3670
E06000044,Portsmouth,4,All other sexual orientations,880
E06000044,Portsmouth,5,Not answered,13114
E06000045,Southampton,-8,Does not apply,0
E06000045,Southampton,1,Straight or Heterosexual,177317
E06000045,Southampton,2,Gay or Lesbian,4071
E06000045,Southampton,3,Bisexual,4830
E06000045,Southampton,4,All other sexual orientations,1181
E06000045,Southampton,5,Not answered,16969
E06000046,Isle of Wight,-8,Does not apply,0
E06000046,Isle of Wight,1,Straight or Heterosexual,106995
E06000046,Isle of Wight,2,Gay or Lesbian,1550
E06000046,Isle of Wight,3,Bisexual,1415
E06000046,Isle of Wight,4,All other sexual orientations,320
E06000046,Isle of Wight,5,Not answered,9306
E06000047,County Durham,-8,Does not apply,0
E06000047,County Durham,1,Straight or Heterosexual,396553
E06000047,County Durham,2,Gay or Lesbian,6142
E06000047,County Durham,3,Bisexual,5154
E06000047,County Durham,4,All other sexual orientations,1074
E06000047,County Durham,5,Not answered,25035
E06000049,Cheshire East,-8,Does not apply,0
E06000049,Cheshire East,1,Straight or Heterosexual,301391
E06000049,Cheshire East,2,Gay or Lesbian,4238
E06000049,Cheshire East,3,Bisexual,2982
E06000049,Cheshire East,4,All other sexual orientations,882
E06000049,Cheshire East,5,Not answered,19981
E06000050,Cheshire West and Chester,-8,Does not apply,0
E06000050,Cheshire West and Chester,1,Straight or Heterosexual,269319
E06000050,Cheshire West and Chester,2,Gay or Lesbian,4257
E06000050,Cheshire West and Chester,3,Bisexual,3238
E06000050,Cheshire West and Chester,4,All other sexual orientations,818
E06000050,Cheshire West and Chester,5,Not answered,17726
E06000051,Shropshire,-8,Does not apply,0
E06000051,Shropshire,1,Straight or Heterosexual,246550
E06000051,Shropshire,2,Gay or Lesbian,3194
E06000051,Shropshire,3,Bisexual,2616
E06000051,Shropshire,4,All other sexual orientations,508
E06000051,Shropshire,5,Not answered,19378
E06000052,Cornwall,-8,Does not apply,0
E06000052,Cornwall,1,Straight or Heterosexual,426761
E06000052,Cornwall,2,Gay or Lesbian,6453
E06000052,Cornwall,3,Bisexual,6194
E06000052,Cornwall,4,All other sexual orientations,1489
E06000052,Cornwall,5,Not answered,36528
E06000053,Isles of Scilly,-8,Does not apply,0
E06000053,Isles of Scilly,1,Straight or Heterosexual,1565
E06000053,Isles of Scilly,2,Gay or Lesbian,13
E06000053,Isles of Scilly,3,Bisexual,29
E06000053,Isles of Scilly,4,All other sexual orientations,5
E06000053,Isles of Scilly,5,Not answered,118
E06000054,Wiltshire,-8,Does not apply,0
E06000054,Wiltshire,1,Straight or Heterosexual,381141
E06000054,Wiltshire,2,Gay or Lesbian,4755
E06000054,Wiltshire,3,Bisexual,4674
E06000054,Wiltshire,4,All other sexual orientations,1024
E06000054,Wiltshire,5,Not answered,27520
E06000055,Bedford,-8,Does not apply,0
E06000055,Bedford,1,Straight or Heterosexual,133369
E06000055,Bedford,2,Gay or Lesbian,1780
E06000055,Bedford,3,Bisexual,1752
E06000055,Bedford,4,All other sexual orientations,472
E06000055,Bedford,5,Not answered,10745
E06000056,Central Bedfordshire,-8,Does not apply,0
E06000056,Central Bedfordshire,1,Straight or Heterosexual,216745
E06000056,Central Bedfordshire,2,Gay or Lesbian,2645
E06000056,Central Bedfordshire,3,Bisexual,2305
E06000056,Central Bedfordshire,4,All other sexual orientations,510
E06000056,Central Bedfordshire,5,Not answered,14555
E06000057,Northumberland,-8,Does not apply,0
E06000057,Northumberland,1,Straight or Heterosexual,247647
E06000057,Northumberland,2,Gay or Lesbian,3314
E06000057,Northumberland,3,Bisexual,2249
E06000057,Northumberland,4,All other sexual orientations,467
E06000057,Northumberland,5,Not answered,15171
E06000058,"Bournemouth, Christchurch and Poole",-8,Does not apply,0
E06000058,"Bournemouth, Christchurch and Poole",1,Straight or Heterosexual,296257
E06000058,"Bournemouth, Christchurch and Poole",2,Gay or Lesbian,6494
E06000058,"Bournemouth, Christchurch and Poole",3,Bisexual,5358
E06000058,"Bournemouth, Christchurch and Poole",4,All other sexual orientations,1220
E06000058,"Bournemouth, Christchurch and Poole",5,Not answered,25580
E06000059,Dorset,-8,Does not apply,0
E06000059,Dorset,1,Straight or Heterosexual,291721
E06000059,Dorset,2,Gay or Lesbian,3575
E06000059,Dorset,3,Bisexual,2889
E06000059,Dorset,4,All other sexual orientations,614
E06000059,Dorset,5,Not answered,23103
E06000060,Buckinghamshire,-8,Does not apply,0
E06000060,Buckinghamshire,1,Straight or Heterosexual,402282
E06000060,Buckinghamshire,2,Gay or Lesbian,4442
E06000060,Buckinghamshire,3,Bisexual,4060
E06000060,Buckinghamshire,4,All other sexual orientations,1182
E06000060,Buckinghamshire,5,Not answered,31429
E06000061,North Northamptonshire,-8,Does not apply,0
E06000061,North Northamptonshire,1,Straight or Heterosexual,261791
E06000061,North Northamptonshire,2,Gay or Lesbian,3354
E06000061,North Northamptonshire,3,Bisexual,2918
E06000061,North Northamptonshire,4,All other sexual orientations,843
E06000061,North Northamptonshire,5,Not answered,20283
E06000062,West Northamptonshire,-8,Does not apply,0
E06000062,West Northamptonshire,1,Straight or Heterosexual,308571
E06000062,West Northamptonshire,2,Gay or Lesbian,4175
E06000062,West Northamptonshire,3,Bisexual,4056
E06000062,West Northamptonshire,4,All other sexual orientations,1201
E06000062,West Northamptonshire,5,Not answered,25499
E07000008,Cambridge,-8,Does not apply,0
E07000008,Cambridge,1,Straight or Heterosexual,100519
E07000008,Cambridge,2,Gay or Lesbian,3419
E07000008,Cambridge,3,Bisexual,4769
E07000008,Cambridge,4,All other sexual orientations,1201
E07000008,Cambridge,5,Not answered,14860
E07000009,East Cambridgeshire,-8,Does not apply,0
E07000009,East Cambridgeshire,1,Straight or Heterosexual,64637
E07000009,East Cambridgeshire,2,Gay or Lesbian,759
E07000009,East Cambridgeshire,3,Bisexual,855
E07000009,East Cambridgeshire,4,All other sexual orientations,235
E07000009,East Cambridgeshire,5,Not answered,4943
E07000010,Fenland,-8,Does not apply,0
E07000010,Fenland,1,Straight or Heterosexual,76361
E07000010,Fenland,2,Gay or Lesbian,934
E07000010,Fenland,3,Bisexual,885
E07000010,Fenland,4,All other sexual orientations,258
E07000010,Fenland,5,Not answered,6394
E07000011,Huntingdonshire,-8,Does not apply,0
E07000011,Huntingdonshire,1,Straight or Heterosexual,135126
E07000011,Huntingdonshire,2,Gay or Lesbian,1870
E07000011,Huntingdonshire,3,Bisexual,1675
E07000011,Huntingdonshire,4,All other sexual orientations,392
E07000011,Huntingdonshire,5,Not answered,9198
E07000012,South Cambridgeshire,-8,Does not apply,0
E07000012,South Cambridgeshire,1,Straight or Heterosexual,117371
E07000012,South Cambridgeshire,2,Gay or Lesbian,1486
E07000012,South Cambridgeshire,3,Bisexual,1614
E07000012,South Cambridgeshire,4,All other sexual orientations,454
E07000012,South Cambridgeshire,5,Not answered,9436
E07000026,Allerdale,-8,Does not apply,0
E07000026,Allerdale,1,Straight or Heterosexual,73905
E07000026,Allerdale,2,Gay or Lesbian,871
E07000026,Allerdale,3,Bisexual,631
E07000026,Allerdale,4,All other sexual orientations,134
E07000026,Allerdale,5,Not answered,4972
E07000027,Barrow-in-Furness,-8,Does not apply,0
E07000027,Barrow-in-Furness,1,Straight or Heterosexual,50884
E07000027,Barrow-in-Furness,2,Gay or Lesbian,679
E07000027,Barrow-in-Furness,3,Bisexual,538
E07000027,Barrow-in-Furness,4,All other sexual orientations,163
E07000027,Barrow-in-Furness,5,Not answered,3570
E07000028,Carlisle,-8,Does not apply,0
E07000028,Carlisle,1,Straight or Heterosexual,82928
E07000028,Carlisle,2,Gay or Lesbian,1243
E07000028,Carlisle,3,Bisexual,1026
E07000028,Carlisle,4,All other sexual orientations,232
E07000028,Carlisle,5,Not answered,5914
E07000029,Copeland,-8,Does not apply,0
E07000029,Copeland,1,Straight or Heterosexual,51294
E07000029,Copeland,2,Gay or Lesbian,642
E07000029,Copeland,3,Bisexual,494
E07000029,Copeland,4,All other sexual orientations,92
E07000029,Copeland,5,Not answered,3484
E07000030,Eden,-8,Does not apply,0
E07000030,Eden,1,Straight or Heterosexual,42425
E07000030,Eden,2,Gay or Lesbian,470
E07000030,Eden,3,Bisexual,362
E07000030,Eden,4,All other sexual orientations,99
E07000030,Eden,5,Not answered,3277
E07000031,South Lakeland,-8,Does not apply,0
E07000031,South Lakeland,1,Straight or Heterosexual,81419
E07000031,South Lakeland,2,Gay or Lesbian,990
E07000031,South Lakeland,3,Bisexual,849
E07000031,South Lakeland,4,All other sexual orientations,197
E07000031,South Lakeland,5,Not answered,6248
E07000032,Amber Valley,-8,Does not apply,0
E07000032,Amber Valley,1,Straight or Heterosexual,95350
E07000032,Amber Valley,2,Gay or Lesbian,1415
E07000032,Amber Valley,3,Bisexual,992
E07000032,Amber Valley,4,All other sexual orientations,190
E07000032,Amber Valley,5,Not answered,7116
E07000033,Bolsover,-8,Does not apply,0
E07000033,Bolsover,1,Straight or Heterosexual,60335
E07000033,Bolsover,2,Gay or Lesbian,976
E07000033,Bolsover,3,Bisexual,585
E07000033,Bolsover,4,All other sexual orientations,127
E07000033,Bolsover,5,Not answered,4255
E07000034,Chesterfield,-8,Does not apply,0
E07000034,Chesterfield,1,Straight or Heterosexual,77927
E07000034,Chesterfield,2,Gay or Lesbian,1273
E07000034,Chesterfield,3,Bisexual,1014
E07000034,Chesterfield,4,All other sexual orientations,183
E07000034,Chesterfield,5,Not answered,5606
E07000035,Derbyshire Dales,-8,Does not apply,0
E07000035,Derbyshire Dales,1,Straight or Heterosexual,55628
E07000035,Derbyshire Dales,2,Gay or Lesbian,680
E07000035,Derbyshire Dales,3,Bisexual,475
E07000035,Derbyshire Dales,4,All other sexual orientations,110
E07000035,Derbyshire Dales,5,Not answered,4167
E07000036,Erewash,-8,Does not apply,0
E07000036,Erewash,1,Straight or Heterosexual,84981
E07000036,Erewash,2,Gay or Lesbian,1282
E07000036,Erewash,3,Bisexual,1119
E07000036,Erewash,4,All other sexual orientations,203
E07000036,Erewash,5,Not answered,5942
E07000037,High Peak,-8,Does not apply,0
E07000037,High Peak,1,Straight or Heterosexual,68820
E07000037,High Peak,2,Gay or Lesbian,1038
E07000037,High Peak,3,Bisexual,885
E07000037,High Peak,4,All other sexual orientations,216
E07000037,High Peak,5,Not answered,4701
E07000038,North East Derbyshire,-8,Does not apply,0
E07000038,North East Derbyshire,1,Straight or Heterosexual,78429
E07000038,North East Derbyshire,2,Gay or Lesbian,971
E07000038,North East Derbyshire,3,Bisexual,699
E07000038,North East Derbyshire,4,All other sexual orientations,117
E07000038,North East Derbyshire,5,Not answered,5056
E07000039,South Derbyshire,-8,Does not apply,0
E07000039,South Derbyshire,1,Straight or Heterosexual,79826
E07000039,South Derbyshire,2,Gay or Lesbian,1132
E07000039,South Derbyshire,3,Bisexual,746
E07000039,South Derbyshire,4,All other sexual orientations,162
E07000039,South Derbyshire,5,Not answered,5088
E07000040,East Devon,-8,Does not apply,0
E07000040,East Devon,1,Straight or Heterosexual,115356
E07000040,East Devon,2,Gay or Lesbian,1456
E07000040,East Devon,3,Bisexual,1143
E07000040,East Devon,4,All other sexual orientations,281
E07000040,East Devon,5,Not answered,9152
E07000041,Exeter,-8,Does not apply,0
E07000041,Exeter,1,Straight or Heterosexual,95950
E07000041,Exeter,2,Gay or Lesbian,2154
E07000041,Exeter,3,Bisexual,3062
E07000041,Exeter,4,All other sexual orientations,679
E07000041,Exeter,5,Not answered,9486
E07000042,Mid Devon,-8,Does not apply,0
E07000042,Mid Devon,1,Straight or Heterosexual,61506
E07000042,Mid Devon,2,Gay or Lesbian,768
E07000042,Mid Devon,3,Bisexual,720
E07000042,Mid Devon,4,All other sexual orientations,186
E07000042,Mid Devon,5,Not answered,5025
E07000043,North Devon,-8,Does not apply,0
E07000043,North Devon,1,Straight or Heterosexual,74190
E07000043,North Devon,2,Gay or Lesbian,913
E07000043,North Devon,3,Bisexual,807
E07000043,North Devon,4,All other sexual orientations,204
E07000043,North Devon,5,Not answered,6079
E07000044,South Hams,-8,Does not apply,0
E07000044,South Hams,1,Straight or Heterosexual,67712
E07000044,South Hams,2,Gay or Lesbian,858
E07000044,South Hams,3,Bisexual,770
E07000044,South Hams,4,All other sexual orientations,231
E07000044,South Hams,5,Not answered,5397
E07000045,Teignbridge,-8,Does not apply,0
E07000045,Teignbridge,1,Straight or Heterosexual,102424
E07000045,Teignbridge,2,Gay or Lesbian,1412
E07000045,Teignbridge,3,Bisexual,1182
E07000045,Teignbridge,4,All other sexual orientations,276
E07000045,Teignbridge,5,Not answered,8167
E07000046,Torridge,-8,Does not apply,0
E07000046,Torridge,1,Straight or Heterosexual,51744
E07000046,Torridge,2,Gay or Lesbian,723
E07000046,Torridge,3,Bisexual,516
E07000046,Torridge,4,All other sexual orientations,109
E07000046,Torridge,5,Not answered,4466
E07000047,West Devon,-8,Does not apply,0
E07000047,West Devon,1,Straight or Heterosexual,43550
E07000047,West Devon,2,Gay or Lesbian,536
E07000047,West Devon,3,Bisexual,470
E07000047,West Devon,4,All other sexual orientations,132
E07000047,West Devon,5,Not answered,3675
E07000061,Eastbourne,-8,Does not apply,0
E07000061,Eastbourne,1,Straight or Heterosexual,74493
E07000061,Eastbourne,2,Gay or Lesbian,1736
E07000061,Eastbourne,3,Bisexual,1252
E07000061,Eastbourne,4,All other sexual orientations,290
E07000061,Eastbourne,5,Not answered,6805
E07000062,Hastings,-8,Does not apply,0
E07000062,Hastings,1,Straight or Heterosexual,65010
E07000062,Hastings,2,Gay or Lesbian,1743
E07000062,Hastings,3,Bisexual,1387
E07000062,Hastings,4,All other sexual orientations,330
E07000062,Hastings,5,Not answered,6234
E07000063,Lewes,-8,Does not apply,0
E07000063,Lewes,1,Straight or Heterosexual,73994
E07000063,Lewes,2,Gay or Lesbian,1959
E07000063,Lewes,3,Bisexual,1111
E07000063,Lewes,4,All other sexual orientations,297
E07000063,Lewes,5,Not answered,5861
E07000064,Rother,-8,Does not apply,0
E07000064,Rother,1,Straight or Heterosexual,71366
E07000064,Rother,2,Gay or Lesbian,1175
E07000064,Rother,3,Bisexual,706
E07000064,Rother,4,All other sexual orientations,151
E07000064,Rother,5,Not answered,6093
E07000065,Wealden,-8,Does not apply,0
E07000065,Wealden,1,Straight or Heterosexual,121460
E07000065,Wealden,2,Gay or Lesbian,1645
E07000065,Wealden,3,Bisexual,1129
E07000065,Wealden,4,All other sexual orientations,290
E07000065,Wealden,5,Not answered,9124
E07000066,Basildon,-8,Does not apply,0
E07000066,Basildon,1,Straight or Heterosexual,136332
E07000066,Basildon,2,Gay or Lesbian,1573
E07000066,Basildon,3,Bisexual,1152
E07000066,Basildon,4,All other sexual orientations,331
E07000066,Basildon,5,Not answered,9275
E07000067,Braintree,-8,Does not apply,0
E07000067,Braintree,1,Straight or Heterosexual,115511
E07000067,Braintree,2,Gay or Lesbian,1393
E07000067,Braintree,3,Bisexual,1151
E07000067,Braintree,4,All other sexual orientations,248
E07000067,Braintree,5,Not answered,8266
E07000068,Brentwood,-8,Does not apply,0
E07000068,Brentwood,1,Straight or Heterosexual,57812
E07000068,Brentwood,2,Gay or Lesbian,617
E07000068,Brentwood,3,Bisexual,377
E07000068,Brentwood,4,All other sexual orientations,110
E07000068,Brentwood,5,Not answered,3949
E07000069,Castle Point,-8,Does not apply,0
E07000069,Castle Point,1,Straight or Heterosexual,68673
E07000069,Castle Point,2,Gay or Lesbian,624
E07000069,Castle Point,3,Bisexual,448
E07000069,Castle Point,4,All other sexual orientations,104
E07000069,Castle Point,5,Not answered,4563
E07000070,Chelmsford,-8,Does not apply,0
E07000070,Chelmsford,1,Straight or Heterosexual,134772
E07000070,Chelmsford,2,Gay or Lesbian,1669
E07000070,Chelmsford,3,Bisexual,1374
E07000070,Chelmsford,4,All other sexual orientations,336
E07000070,Chelmsford,5,Not answered,9587
E07000071,Colchester,-8,Does not apply,0
E07000071,Colchester,1,Straight or Heterosexual,139850
E07000071,Colchester,2,Gay or Lesbian,2280
E07000071,Colchester,3,Bisexual,2449
E07000071,Colchester,4,All other sexual orientations,605
E07000071,Colchester,5,Not answered,11159
E07000072,Epping Forest,-8,Does not apply,0
E07000072,Epping Forest,1,Straight or Heterosexual,100420
E07000072,Epping Forest,2,Gay or Lesbian,1139
E07000072,Epping Forest,3,Bisexual,763
E07000072,Epping Forest,4,All other sexual orientations,228
E07000072,Epping Forest,5,Not answered,7382
E07000073,Harlow,-8,Does not apply,0
E07000073,Harlow,1,Straight or Heterosexual,66413
E07000073,Harlow,2,Gay or Lesbian,875
E07000073,Harlow,3,Bisexual,703
E07000073,Harlow,4,All other sexual orientations,216
E07000073,Harlow,5,Not answered,4896
E07000074,Maldon,-8,Does not apply,0
E07000074,Maldon,1,Straight or Heterosexual,51146
E07000074,Maldon,2,Gay or Lesbian,541
E07000074,Maldon,3,Bisexual,417
E07000074,Maldon,4,All other sexual orientations,93
E07000074,Maldon,5,Not answered,3232
E07000075,Rochford,-8,Does not apply,0
E07000075,Rochford,1,Straight or Heterosexual,65692
E07000075,Rochford,2,Gay or Lesbian,613
E07000075,Rochford,3,Bisexual,431
E07000075,Rochford,4,All other sexual orientations,95
E07000075,Rochford,5,Not answered,3880
E07000076,Tendring,-8,Does not apply,0
E07000076,Tendring,1,Straight or Heterosexual,112894
E07000076,Tendring,2,Gay or Lesbian,1387
E07000076,Tendring,3,Bisexual,1027
E07000076,Tendring,4,All other sexual orientations,228
E07000076,Tendring,5,Not answered,9355
E07000077,Uttlesford,-8,Does not apply,0
E07000077,Uttlesford,1,Straight or Heterosexual,67689
E07000077,Uttlesford,2,Gay or Lesbian,710
E07000077,Uttlesford,3,Bisexual,588
E07000077,Uttlesford,4,All other sexual orientations,155
E07000077,Uttlesford,5,Not answered,4379
E07000078,Cheltenham,-8,Does not apply,0
E07000078,Cheltenham,1,Straight or Heterosexual,87790
E07000078,Cheltenham,2,Gay or Lesbian,1581
E07000078,Cheltenham,3,Bisexual,1812
E07000078,Cheltenham,4,All other sexual orientations,443
E07000078,Cheltenham,5,Not answered,6810
E07000079,Cotswold,-8,Does not apply,0
E07000079,Cotswold,1,Straight or Heterosexual,69820
E07000079,Cotswold,2,Gay or Lesbian,876
E07000079,Cotswold,3,Bisexual,649
E07000079,Cotswold,4,All other sexual orientations,144
E07000079,Cotswold,5,Not answered,4826
E07000080,Forest of Dean,-8,Does not apply,0
E07000080,Forest of Dean,1,Straight or Heterosexual,66188
E07000080,Forest of Dean,2,Gay or Lesbian,747
E07000080,Forest of Dean,3,Bisexual,705
E07000080,Forest of Dean,4,All other sexual orientations,210
E07000080,Forest of Dean,5,Not answered,5197
E07000081,Gloucester,-8,Does not apply,0
E07000081,Gloucester,1,Straight or Heterosexual,96058
E07000081,Gloucester,2,Gay or Lesbian,1487
E07000081,Gloucester,3,Bisexual,1450
E07000081,Gloucester,4,All other sexual orientations,378
E07000081,Gloucester,5,Not answered,7564
E07000082,Stroud,-8,Does not apply,0
E07000082,Stroud,1,Straight or Heterosexual,90493
E07000082,Stroud,2,Gay or Lesbian,1246
E07000082,Stroud,3,Bisexual,1153
E07000082,Stroud,4,All other sexual orientations,314
E07000082,Stroud,5,Not answered,6989
E07000083,Tewkesbury,-8,Does not apply,0
E07000083,Tewkesbury,1,Straight or Heterosexual,70842
E07000083,Tewkesbury,2,Gay or Lesbian,875
E07000083,Tewkesbury,3,Bisexual,663
E07000083,Tewkesbury,4,All other sexual orientations,171
E07000083,Tewkesbury,5,Not answered,4802
E07000084,Basingstoke and Deane,-8,Does not apply,0
E07000084,Basingstoke and Deane,1,Straight or Heterosexual,136562
E07000084,Basingstoke and Deane,2,Gay or Lesbian,1914
E07000084,Basingstoke and Deane,3,Bisexual,1794
E07000084,Basingstoke and Deane,4,All other sexual orientations,455
E07000084,Basingstoke and Deane,5,Not answered,9082
E07000085,East Hampshire,-8,Does not apply,0
E07000085,East Hampshire,1,Straight or Heterosexual,94943
E07000085,East Hampshire,2,Gay or Lesbian,1147
E07000085,East Hampshire,3,Bisexual,958
E07000085,East Hampshire,4,All other sexual orientations,230
E07000085,East Hampshire,5,Not answered,6552
E07000086,Eastleigh,-8,Does not apply,0
E07000086,Eastleigh,1,Straight or Heterosexual,101243
E07000086,Eastleigh,2,Gay or Lesbian,1327
E07000086,Eastleigh,3,Bisexual,1204
E07000086,Eastleigh,4,All other sexual orientations,262
E07000086,Eastleigh,5,Not answered,6296
E07000087,Fareham,-8,Does not apply,0
E07000087,Fareham,1,Straight or Heterosexual,87856
E07000087,Fareham,2,Gay or Lesbian,1214
E07000087,Fareham,3,Bisexual,862
E07000087,Fareham,4,All other sexual orientations,199
E07000087,Fareham,5,Not answered,5507
E07000088,Gosport,-8,Does not apply,0
E07000088,Gosport,1,Straight or Heterosexual,61143
E07000088,Gosport,2,Gay or Lesbian,1055
E07000088,Gosport,3,Bisexual,870
E07000088,Gosport,4,All other sexual orientations,196
E07000088,Gosport,5,Not answered,3947
E07000089,Hart,-8,Does not apply,0
E07000089,Hart,1,Straight or Heterosexual,74226
E07000089,Hart,2,Gay or Lesbian,856
E07000089,Hart,3,Bisexual,672
E07000089,Hart,4,All other sexual orientations,169
E07000089,Hart,5,Not answered,4405
E07000090,Havant,-8,Does not apply,0
E07000090,Havant,1,Straight or Heterosexual,94059
E07000090,Havant,2,Gay or Lesbian,1269
E07000090,Havant,3,Bisexual,978
E07000090,Havant,4,All other sexual orientations,220
E07000090,Havant,5,Not answered,6339
E07000091,New Forest,-8,Does not apply,0
E07000091,New Forest,1,Straight or Heterosexual,135869
E07000091,New Forest,2,Gay or Lesbian,1462
E07000091,New Forest,3,Bisexual,1178
E07000091,New Forest,4,All other sexual orientations,250
E07000091,New Forest,5,Not answered,9984
E07000092,Rushmoor,-8,Does not apply,0
E07000092,Rushmoor,1,Straight or Heterosexual,72859
E07000092,Rushmoor,2,Gay or Lesbian,1055
E07000092,Rushmoor,3,Bisexual,1213
E07000092,Rushmoor,4,All other sexual orientations,353
E07000092,Rushmoor,5,Not answered,5391
E07000093,Test Valley,-8,Does not apply,0
E07000093,Test Valley,1,Straight or Heterosexual,97662
E07000093,Test Valley,2,Gay or Lesbian,1212
E07000093,Test Valley,3,Bisexual,1070
E07000093,Test Valley,4,All other sexual orientations,259
E07000093,Test Valley,5,Not answered,6548
E07000094,Winchester,-8,Does not apply,0
E07000094,Winchester,1,Straight or Heterosexual,94375
E07000094,Winchester,2,Gay or Lesbian,1314
E07000094,Winchester,3,Bisexual,1764
E07000094,Winchester,4,All other sexual orientations,417
E07000094,Winchester,5,Not answered,6880
E07000095,Broxbourne,-8,Does not apply,0
E07000095,Broxbourne,1,Straight or Heterosexual,72572
E07000095,Broxbourne,2,Gay or Lesbian,707
E07000095,Broxbourne,3,Bisexual,510
E07000095,Broxbourne,4,All other sexual orientations,178
E07000095,Broxbourne,5,Not answered,5470
E07000096,Dacorum,-8,Does not apply,0
E07000096,Dacorum,1,Straight or Heterosexual,112619
E07000096,Dacorum,2,Gay or Lesbian,1369
E07000096,Dacorum,3,Bisexual,1233
E07000096,Dacorum,4,All other sexual orientations,329
E07000096,Dacorum,5,Not answered,8230
E07000098,Hertsmere,-8,Does not apply,0
E07000098,Hertsmere,1,Straight or Heterosexual,77939
E07000098,Hertsmere,2,Gay or Lesbian,846
E07000098,Hertsmere,3,Bisexual,707
E07000098,Hertsmere,4,All other sexual orientations,256
E07000098,Hertsmere,5,Not answered,6445
E07000099,North Hertfordshire,-8,Does not apply,0
E07000099,North Hertfordshire,1,Straight or Heterosexual,97811
E07000099,North Hertfordshire,2,Gay or Lesbian,1378
E07000099,North Hertfordshire,3,Bisexual,1273
E07000099,North Hertfordshire,4,All other sexual orientations,290
E07000099,North Hertfordshire,5,Not answered,6990
E07000102,Three Rivers,-8,Does not apply,0
E07000102,Three Rivers,1,Straight or Heterosexual,68658
E07000102,Three Rivers,2,Gay or Lesbian,675
E07000102,Three Rivers,3,Bisexual,576
E07000102,Three Rivers,4,All other sexual orientations,164
E07000102,Three Rivers,5,Not answered,4930
E07000103,Watford,-8,Does not apply,0
E07000103,Watford,1,Straight or Heterosexual,72016
E07000103,Watford,2,Gay or Lesbian,914
E07000103,Watford,3,Bisexual,962
E07000103,Watford,4,All other sexual orientations,312
E07000103,Watford,5,Not answered,6759
E07000105,Ashford,-8,Does not apply,0
E07000105,Ashford,1,Straight or Heterosexual,97030
E07000105,Ashford,2,Gay or Lesbian,1378
E07000105,Ashford,3,Bisexual,1107
E07000105,Ashford,4,All other sexual orientations,290
E07000105,Ashford,5,Not answered,6964
E07000106,Canterbury,-8,Does not apply,0
E07000106,Canterbury,1,Straight or Heterosexual,116186
E07000106,Canterbury,2,Gay or Lesbian,2354
E07000106,Canterbury,3,Bisexual,2926
E07000106,Canterbury,4,All other sexual orientations,687
E07000106,Canterbury,5,Not answered,10620
E07000107,Dartford,-8,Does not apply,0
E07000107,Dartford,1,Straight or Heterosexual,82718
E07000107,Dartford,2,Gay or Lesbian,1047
E07000107,Dartford,3,Bisexual,822
E07000107,Dartford,4,All other sexual orientations,177
E07000107,Dartford,5,Not answered,5934
E07000108,Dover,-8,Does not apply,0
E07000108,Dover,1,Straight or Heterosexual,86739
E07000108,Dover,2,Gay or Lesbian,1570
E07000108,Dover,3,Bisexual,1079
E07000108,Dover,4,All other sexual orientations,218
E07000108,Dover,5,Not answered,6524
E07000109,Gravesham,-8,Does not apply,0
E07000109,Gravesham,1,Straight or Heterosexual,76943
E07000109,Gravesham,2,Gay or Lesbian,892
E07000109,Gravesham,3,Bisexual,821
E07000109,Gravesham,4,All other sexual orientations,278
E07000109,Gravesham,5,Not answered,5621
E07000110,Maidstone,-8,Does not apply,0
E07000110,Maidstone,1,Straight or Heterosexual,129562
E07000110,Maidstone,2,Gay or Lesbian,1687
E07000110,Maidstone,3,Bisexual,1372
E07000110,Maidstone,4,All other sexual orientations,362
E07000110,Maidstone,5,Not answered,9153
E07000111,Sevenoaks,-8,Does not apply,0
E07000111,Sevenoaks,1,Straight or Heterosexual,88646
E07000111,Sevenoaks,2,Gay or Lesbian,942
E07000111,Sevenoaks,3,Bisexual,713
E07000111,Sevenoaks,4,All other sexual orientations,169
E07000111,Sevenoaks,5,Not answered,6133
E07000112,Folkestone and Hythe,-8,Does not apply,0
E07000112,Folkestone and Hythe,1,Straight or Heterosexual,82894
E07000112,Folkestone and Hythe,2,Gay or Lesbian,1341
E07000112,Folkestone and Hythe,3,Bisexual,980
E07000112,Folkestone and Hythe,4,All other sexual orientations,242
E07000112,Folkestone and Hythe,5,Not answered,6098
E07000113,Swale,-8,Does not apply,0
E07000113,Swale,1,Straight or Heterosexual,111489
E07000113,Swale,2,Gay or Lesbian,1687
E07000113,Swale,3,Bisexual,1219
E07000113,Swale,4,All other sexual orientations,326
E07000113,Swale,5,Not answered,7279
E07000114,Thanet,-8,Does not apply,0
E07000114,Thanet,1,Straight or Heterosexual,103415
E07000114,Thanet,2,Gay or Lesbian,1938
E07000114,Thanet,3,Bisexual,1534
E07000114,Thanet,4,All other sexual orientations,397
E07000114,Thanet,5,Not answered,8133
E07000115,Tonbridge and Malling,-8,Does not apply,0
E07000115,Tonbridge and Malling,1,Straight or Heterosexual,97074
E07000115,Tonbridge and Malling,2,Gay or Lesbian,1000
E07000115,Tonbridge and Malling,3,Bisexual,947
E07000115,Tonbridge and Malling,4,All other sexual orientations,207
E07000115,Tonbridge and Malling,5,Not answered,6298
E07000116,Tunbridge Wells,-8,Does not apply,0
E07000116,Tunbridge Wells,1,Straight or Heterosexual,83692
E07000116,Tunbridge Wells,2,Gay or Lesbian,1076
E07000116,Tunbridge Wells,3,Bisexual,1001
E07000116,Tunbridge Wells,4,All other sexual orientations,244
E07000116,Tunbridge Wells,5,Not answered,6389
E07000117,Burnley,-8,Does not apply,0
E07000117,Burnley,1,Straight or Heterosexual,67539
E07000117,Burnley,2,Gay or Lesbian,974
E07000117,Burnley,3,Bisexual,741
E07000117,Burnley,4,All other sexual orientations,236
E07000117,Burnley,5,Not answered,5709
E07000118,Chorley,-8,Does not apply,0
E07000118,Chorley,1,Straight or Heterosexual,88330
E07000118,Chorley,2,Gay or Lesbian,1257
E07000118,Chorley,3,Bisexual,976
E07000118,Chorley,4,All other sexual orientations,165
E07000118,Chorley,5,Not answered,5641
E07000119,Fylde,-8,Does not apply,0
E07000119,Fylde,1,Straight or Heterosexual,63551
E07000119,Fylde,2,Gay or Lesbian,1012
E07000119,Fylde,3,Bisexual,557
E07000119,Fylde,4,All other sexual orientations,136
E07000119,Fylde,5,Not answered,3994
E07000120,Hyndburn,-8,Does not apply,0
E07000120,Hyndburn,1,Straight or Heterosexual,59339
E07000120,Hyndburn,2,Gay or Lesbian,808
E07000120,Hyndburn,3,Bisexual,636
E07000120,Hyndburn,4,All other sexual orientations,136
E07000120,Hyndburn,5,Not answered,4712
E07000121,Lancaster,-8,Does not apply,0
E07000121,Lancaster,1,Straight or Heterosexual,105041
E07000121,Lancaster,2,Gay or Lesbian,2128
E07000121,Lancaster,3,Bisexual,2491
E07000121,Lancaster,4,All other sexual orientations,579
E07000121,Lancaster,5,Not answered,9401
E07000122,Pendle,-8,Does not apply,0
E07000122,Pendle,1,Straight or Heterosexual,67188
E07000122,Pendle,2,Gay or Lesbian,750
E07000122,Pendle,3,Bisexual,608
E07000122,Pendle,4,All other sexual orientations,228
E07000122,Pendle,5,Not answered,6448
E07000123,Preston,-8,Does not apply,0
E07000123,Preston,1,Straight or Heterosexual,105022
E07000123,Preston,2,Gay or Lesbian,1844
E07000123,Preston,3,Bisexual,2144
E07000123,Preston,4,All other sexual orientations,505
E07000123,Preston,5,Not answered,9154
E07000124,Ribble Valley,-8,Does not apply,0
E07000124,Ribble Valley,1,Straight or Heterosexual,47597
E07000124,Ribble Valley,2,Gay or Lesbian,444
E07000124,Ribble Valley,3,Bisexual,337
E07000124,Ribble Valley,4,All other sexual orientations,68
E07000124,Ribble Valley,5,Not answered,3016
E07000125,Rossendale,-8,Does not apply,0
E07000125,Rossendale,1,Straight or Heterosexual,52249
E07000125,Rossendale,2,Gay or Lesbian,779
E07000125,Rossendale,3,Bisexual,530
E07000125,Rossendale,4,All other sexual orientations,131
E07000125,Rossendale,5,Not answered,3609
E07000126,South Ribble,-8,Does not apply,0
E07000126,South Ribble,1,Straight or Heterosexual,84262
E07000126,South Ribble,2,Gay or Lesbian,1156
E07000126,South Ribble,3,Bisexual,871
E07000126,South Ribble,4,All other sexual orientations,158
E07000126,South Ribble,5,Not answered,5052
E07000127,West Lancashire,-8,Does not apply,0
E07000127,West Lancashire,1,Straight or Heterosexual,89277
E07000127,West Lancashire,2,Gay or Lesbian,1240
E07000127,West Lancashire,3,Bisexual,1246
E07000127,West Lancashire,4,All other sexual orientations,282
E07000127,West Lancashire,5,Not answered,6288
E07000128,Wyre,-8,Does not apply,0
E07000128,Wyre,1,Straight or Heterosexual,86350
E07000128,Wyre,2,Gay or Lesbian,1382
E07000128,Wyre,3,Bisexual,712
E07000128,Wyre,4,All other sexual orientations,150
E07000128,Wyre,5,Not answered,5757
E07000129,Blaby,-8,Does not apply,0
E07000129,Blaby,1,Straight or Heterosexual,76694
E07000129,Blaby,2,Gay or Lesbian,1056
E07000129,Blaby,3,Bisexual,691
E07000129,Blaby,4,All other sexual orientations,148
E07000129,Blaby,5,Not answered,5077
E07000130,Charnwood,-8,Does not apply,0
E07000130,Charnwood,1,Straight or Heterosexual,137579
E07000130,Charnwood,2,Gay or Lesbian,1971
E07000130,Charnwood,3,Bisexual,2069
E07000130,Charnwood,4,All other sexual orientations,442
E07000130,Charnwood,5,Not answered,11039
E07000131,Harborough,-8,Does not apply,0
E07000131,Harborough,1,Straight or Heterosexual,73899
E07000131,Harborough,2,Gay or Lesbian,923
E07000131,Harborough,3,Bisexual,620
E07000131,Harborough,4,All other sexual orientations,141
E07000131,Harborough,5,Not answered,4845
E07000132,Hinckley and Bosworth,-8,Does not apply,0
E07000132,Hinckley and Bosworth,1,Straight or Heterosexual,86221
E07000132,Hinckley and Bosworth,2,Gay or Lesbian,1105
E07000132,Hinckley and Bosworth,3,Bisexual,865
E07000132,Hinckley and Bosworth,4,All other sexual orientations,195
E07000132,Hinckley and Bosworth,5,Not answered,5532
E07000133,Melton,-8,Does not apply,0
E07000133,Melton,1,Straight or Heterosexual,39330
E07000133,Melton,2,Gay or Lesbian,479
E07000133,Melton,3,Bisexual,403
E07000133,Melton,4,All other sexual orientations,74
E07000133,Melton,5,Not answered,2657
E07000134,North West Leicestershire,-8,Does not apply,0
E07000134,North West Leicestershire,1,Straight or Heterosexual,78803
E07000134,North West Leicestershire,2,Gay or Lesbian,1072
E07000134,North West Leicestershire,3,Bisexual,866
E07000134,North West Leicestershire,4,All other sexual orientations,201
E07000134,North West Leicestershire,5,Not answered,5223
E07000135,Oadby and Wigston,-8,Does not apply,0
E07000135,Oadby and Wigston,1,Straight or Heterosexual,42558
E07000135,Oadby and Wigston,2,Gay or Lesbian,422
E07000135,Oadby and Wigston,3,Bisexual,427
E07000135,Oadby and Wigston,4,All other sexual orientations,121
E07000135,Oadby and Wigston,5,Not answered,3682
E07000136,Boston,-8,Does not apply,0
E07000136,Boston,1,Straight or Heterosexual,50755
E07000136,Boston,2,Gay or Lesbian,567
E07000136,Boston,3,Bisexual,493
E07000136,Boston,4,All other sexual orientations,188
E07000136,Boston,5,Not answered,5581
E07000137,East Lindsey,-8,Does not apply,0
E07000137,East Lindsey,1,Straight or Heterosexual,109121
E07000137,East Lindsey,2,Gay or Lesbian,1461
E07000137,East Lindsey,3,Bisexual,1019
E07000137,East Lindsey,4,All other sexual orientations,221
E07000137,East Lindsey,5,Not answered,9596
E07000138,Lincoln,-8,Does not apply,0
E07000138,Lincoln,1,Straight or Heterosexual,73780
E07000138,Lincoln,2,Gay or Lesbian,1880
E07000138,Lincoln,3,Bisexual,2974
E07000138,Lincoln,4,All other sexual orientations,670
E07000138,Lincoln,5,Not answered,7764
E07000139,North Kesteven,-8,Does not apply,0
E07000139,North Kesteven,1,Straight or Heterosexual,89493
E07000139,North Kesteven,2,Gay or Lesbian,1093
E07000139,North Kesteven,3,Bisexual,940
E07000139,North Kesteven,4,All other sexual orientations,199
E07000139,North Kesteven,5,Not answered,6290
E07000140,South Holland,-8,Does not apply,0
E07000140,South Holland,1,Straight or Heterosexual,70520
E07000140,South Holland,2,Gay or Lesbian,720
E07000140,South Holland,3,Bisexual,663
E07000140,South Holland,4,All other sexual orientations,183
E07000140,South Holland,5,Not answered,6911
E07000141,South Kesteven,-8,Does not apply,0
E07000141,South Kesteven,1,Straight or Heterosexual,107682
E07000141,South Kesteven,2,Gay or Lesbian,1246
E07000141,South Kesteven,3,Bisexual,1145
E07000141,South Kesteven,4,All other sexual orientations,216
E07000141,South Kesteven,5,Not answered,7722
E07000142,West Lindsey,-8,Does not apply,0
E07000142,West Lindsey,1,Straight or Heterosexual,72167
E07000142,West Lindsey,2,Gay or Lesbian,862
E07000142,West Lindsey,3,Bisexual,802
E07000142,West Lindsey,4,All other sexual orientations,165
E07000142,West Lindsey,5,Not answered,5122
E07000143,Breckland,-8,Does not apply,0
E07000143,Breckland,1,Straight or Heterosexual,106301
E07000143,Breckland,2,Gay or Lesbian,1296
E07000143,Breckland,3,Bisexual,1202
E07000143,Breckland,4,All other sexual orientations,263
E07000143,Breckland,5,Not answered,8790
E07000144,Broadland,-8,Does not apply,0
E07000144,Broadland,1,Straight or Heterosexual,100942
E07000144,Broadland,2,Gay or Lesbian,1277
E07000144,Broadland,3,Bisexual,963
E07000144,Broadland,4,All other sexual orientations,210
E07000144,Broadland,5,Not answered,7111
E07000145,Great Yarmouth,-8,Does not apply,0
E07000145,Great Yarmouth,1,Straight or Heterosexual,74017
E07000145,Great Yarmouth,2,Gay or Lesbian,1080
E07000145,Great Yarmouth,3,Bisexual,879
E07000145,Great Yarmouth,4,All other sexual orientations,293
E07000145,Great Yarmouth,5,Not answered,6450
E07000146,King's Lynn and West Norfolk,-8,Does not apply,0
E07000146,King's Lynn and West Norfolk,1,Straight or Heterosexual,116071
E07000146,King's Lynn and West Norfolk,2,Gay or Lesbian,1425
E07000146,King's Lynn and West Norfolk,3,Bisexual,1201
E07000146,King's Lynn and West Norfolk,4,All other sexual orientations,291
E07000146,King's Lynn and West Norfolk,5,Not answered,9904
E07000147,North Norfolk,-8,Does not apply,0
E07000147,North Norfolk,1,Straight or Heterosexual,79634
E07000147,North Norfolk,2,Gay or Lesbian,1183
E07000147,North Norfolk,3,Bisexual,859
E07000147,North Norfolk,4,All other sexual orientations,193
E07000147,North Norfolk,5,Not answered,7276
E07000148,Norwich,-8,Does not apply,0
E07000148,Norwich,1,Straight or Heterosexual,101477
E07000148,Norwich,2,Gay or Lesbian,3025
E07000148,Norwich,3,Bisexual,4700
E07000148,Norwich,4,All other sexual orientations,1118
E07000148,Norwich,5,Not answered,10443
E07000149,South Norfolk,-8,Does not apply,0
E07000149,South Norfolk,1,Straight or Heterosexual,106656
E07000149,South Norfolk,2,Gay or Lesbian,1450
E07000149,South Norfolk,3,Bisexual,1174
E07000149,South Norfolk,4,All other sexual orientations,252
E07000149,South Norfolk,5,Not answered,7687
E07000163,Craven,-8,Does not apply,0
E07000163,Craven,1,Straight or Heterosexual,44081
E07000163,Craven,2,Gay or Lesbian,532
E07000163,Craven,3,Bisexual,404
E07000163,Craven,4,All other sexual orientations,96
E07000163,Craven,5,Not answered,3171
E07000164,Hambleton,-8,Does not apply,0
E07000164,Hambleton,1,Straight or Heterosexual,70818
E07000164,Hambleton,2,Gay or Lesbian,700
E07000164,Hambleton,3,Bisexual,550
E07000164,Hambleton,4,All other sexual orientations,122
E07000164,Hambleton,5,Not answered,4794
E07000165,Harrogate,-8,Does not apply,0
E07000165,Harrogate,1,Straight or Heterosexual,122943
E07000165,Harrogate,2,Gay or Lesbian,1531
E07000165,Harrogate,3,Bisexual,1156
E07000165,Harrogate,4,All other sexual orientations,298
E07000165,Harrogate,5,Not answered,9376
E07000166,Richmondshire,-8,Does not apply,0
E07000166,Richmondshire,1,Straight or Heterosexual,38420
E07000166,Richmondshire,2,Gay or Lesbian,450
E07000166,Richmondshire,3,Bisexual,366
E07000166,Richmondshire,4,All other sexual orientations,68
E07000166,Richmondshire,5,Not answered,2436
E07000167,Ryedale,-8,Does not apply,0
E07000167,Ryedale,1,Straight or Heterosexual,42164
E07000167,Ryedale,2,Gay or Lesbian,461
E07000167,Ryedale,3,Bisexual,376
E07000167,Ryedale,4,All other sexual orientations,81
E07000167,Ryedale,5,Not answered,3242
E07000168,Scarborough,-8,Does not apply,0
E07000168,Scarborough,1,Straight or Heterosexual,82925
E07000168,Scarborough,2,Gay or Lesbian,1298
E07000168,Scarborough,3,Bisexual,965
E07000168,Scarborough,4,All other sexual orientations,252
E07000168,Scarborough,5,Not answered,6671
E07000169,Selby,-8,Does not apply,0
E07000169,Selby,1,Straight or Heterosexual,69510
E07000169,Selby,2,Gay or Lesbian,801
E07000169,Selby,3,Bisexual,643
E07000169,Selby,4,All other sexual orientations,139
E07000169,Selby,5,Not answered,4339
E07000170,Ashfield,-8,Does not apply,0
E07000170,Ashfield,1,Straight or Heterosexual,93238
E07000170,Ashfield,2,Gay or Lesbian,1451
E07000170,Ashfield,3,Bisexual,987
E07000170,Ashfield,4,All other sexual orientations,203
E07000170,Ashfield,5,Not answered,6964
E07000171,Bassetlaw,-8,Does not apply,0
E07000171,Bassetlaw,1,Straight or Heterosexual,88969
E07000171,Bassetlaw,2,Gay or Lesbian,1118
E07000171,Bassetlaw,3,Bisexual,779
E07000171,Bassetlaw,4,All other sexual orientations,187
E07000171,Bassetlaw,5,Not answered,6314
E07000172,Broxtowe,-8,Does not apply,0
E07000172,Broxtowe,1,Straight or Heterosexual,83457
E07000172,Broxtowe,2,Gay or Lesbian,1258
E07000172,Broxtowe,3,Bisexual,1348
E07000172,Broxtowe,4,All other sexual orientations,311
E07000172,Broxtowe,5,Not answered,6166
E07000173,Gedling,-8,Does not apply,0
E07000173,Gedling,1,Straight or Heterosexual,87931
E07000173,Gedling,2,Gay or Lesbian,1382
E07000173,Gedling,3,Bisexual,995
E07000173,Gedling,4,All other sexual orientations,228
E07000173,Gedling,5,Not answered,5923
E07000174,Mansfield,-8,Does not apply,0
E07000174,Mansfield,1,Straight or Heterosexual,81971
E07000174,Mansfield,2,Gay or Lesbian,1211
E07000174,Mansfield,3,Bisexual,970
E07000174,Mansfield,4,All other sexual orientations,224
E07000174,Mansfield,5,Not answered,5794
E07000175,Newark and Sherwood,-8,Does not apply,0
E07000175,Newark and Sherwood,1,Straight or Heterosexual,92844
E07000175,Newark and Sherwood,2,Gay or Lesbian,1330
E07000175,Newark and Sherwood,3,Bisexual,1039
E07000175,Newark and Sherwood,4,All other sexual orientations,223
E07000175,Newark and Sherwood,5,Not answered,6532
E07000176,Rushcliffe,-8,Does not apply,0
E07000176,Rushcliffe,1,Straight or Heterosexual,89104
E07000176,Rushcliffe,2,Gay or Lesbian,1271
E07000176,Rushcliffe,3,Bisexual,1121
E07000176,Rushcliffe,4,All other sexual orientations,255
E07000176,Rushcliffe,5,Not answered,5972
E07000177,Cherwell,-8,Does not apply,0
E07000177,Cherwell,1,Straight or Heterosexual,117986
E07000177,Cherwell,2,Gay or Lesbian,1762
E07000177,Cherwell,3,Bisexual,1499
E07000177,Cherwell,4,All other sexual orientations,463
E07000177,Cherwell,5,Not answered,8879
E07000178,Oxford,-8,Does not apply,0
E07000178,Oxford,1,Straight or Heterosexual,109859
E07000178,Oxford,2,Gay or Lesbian,3237
E07000178,Oxford,3,Bisexual,4953
E07000178,Oxford,4,All other sexual orientations,1257
E07000178,Oxford,5,Not answered,17411
E07000179,South Oxfordshire,-8,Does not apply,0
E07000179,South Oxfordshire,1,Straight or Heterosexual,110653
E07000179,South Oxfordshire,2,Gay or Lesbian,1383
E07000179,South Oxfordshire,3,Bisexual,1182
E07000179,South Oxfordshire,4,All other sexual orientations,328
E07000179,South Oxfordshire,5,Not answered,7948
E07000180,Vale of White Horse,-8,Does not apply,0
E07000180,Vale of White Horse,1,Straight or Heterosexual,101920
E07000180,Vale of White Horse,2,Gay or Lesbian,1331
E07000180,Vale of White Horse,3,Bisexual,1368
E07000180,Vale of White Horse,4,All other sexual orientations,338
E07000180,Vale of White Horse,5,Not answered,7470
E07000181,West Oxfordshire,-8,Does not apply,0
E07000181,West Oxfordshire,1,Straight or Heterosexual,85888
E07000181,West Oxfordshire,2,Gay or Lesbian,1115
E07000181,West Oxfordshire,3,Bisexual,1007
E07000181,West Oxfordshire,4,All other sexual orientations,208
E07000181,West Oxfordshire,5,Not answered,5591
E07000187,Mendip,-8,Does not apply,0
E07000187,Mendip,1,Straight or Heterosexual,85790
E07000187,Mendip,2,Gay or Lesbian,1105
E07000187,Mendip,3,Bisexual,1185
E07000187,Mendip,4,All other sexual orientations,282
E07000187,Mendip,5,Not answered,7689
E07000188,Sedgemoor,-8,Does not apply,0
E07000188,Sedgemoor,1,Straight or Heterosexual,93579
E07000188,Sedgemoor,2,Gay or Lesbian,1233
E07000188,Sedgemoor,3,Bisexual,1107
E07000188,Sedgemoor,4,All other sexual orientations,302
E07000188,Sedgemoor,5,Not answered,7560
E07000189,South Somerset,-8,Does not apply,0
E07000189,South Somerset,1,Straight or Heterosexual,129908
E07000189,South Somerset,2,Gay or Lesbian,1519
E07000189,South Somerset,3,Bisexual,1449
E07000189,South Somerset,4,All other sexual orientations,281
E07000189,South Somerset,5,Not answered,10655
E07000192,Cannock Chase,-8,Does not apply,0
E07000192,Cannock Chase,1,Straight or Heterosexual,75947
E07000192,Cannock Chase,2,Gay or Lesbian,1094
E07000192,Cannock Chase,3,Bisexual,781
E07000192,Cannock Chase,4,All other sexual orientations,192
E07000192,Cannock Chase,5,Not answered,4464
E07000193,East Staffordshire,-8,Does not apply,0
E07000193,East Staffordshire,1,Straight or Heterosexual,90866
E07000193,East Staffordshire,2,Gay or Lesbian,1138
E07000193,East Staffordshire,3,Bisexual,999
E07000193,East Staffordshire,4,All other sexual orientations,282
E07000193,East Staffordshire,5,Not answered,7224
E07000194,Lichfield,-8,Does not apply,0
E07000194,Lichfield,1,Straight or Heterosexual,81990
E07000194,Lichfield,2,Gay or Lesbian,1020
E07000194,Lichfield,3,Bisexual,713
E07000194,Lichfield,4,All other sexual orientations,135
E07000194,Lichfield,5,Not answered,4738
E07000195,Newcastle-under-Lyme,-8,Does not apply,0
E07000195,Newcastle-under-Lyme,1,Straight or Heterosexual,93169
E07000195,Newcastle-under-Lyme,2,Gay or Lesbian,1390
E07000195,Newcastle-under-Lyme,3,Bisexual,1387
E07000195,Newcastle-under-Lyme,4,All other sexual orientations,298
E07000195,Newcastle-under-Lyme,5,Not answered,6939
E07000196,South Staffordshire,-8,Does not apply,0
E07000196,South Staffordshire,1,Straight or Heterosexual,86672
E07000196,South Staffordshire,2,Gay or Lesbian,908
E07000196,South Staffordshire,3,Bisexual,583
E07000196,South Staffordshire,4,All other sexual orientations,109
E07000196,South Staffordshire,5,Not answered,5100
E07000197,Stafford,-8,Does not apply,0
E07000197,Stafford,1,Straight or Heterosexual,103695
E07000197,Stafford,2,Gay or Lesbian,1469
E07000197,Stafford,3,Bisexual,1162
E07000197,Stafford,4,All other sexual orientations,199
E07000197,Stafford,5,Not answered,7091
E07000198,Staffordshire Moorlands,-8,Does not apply,0
E07000198,Staffordshire Moorlands,1,Straight or Heterosexual,74326
E07000198,Staffordshire Moorlands,2,Gay or Lesbian,754
E07000198,Staffordshire Moorlands,3,Bisexual,555
E07000198,Staffordshire Moorlands,4,All other sexual orientations,125
E07000198,Staffordshire Moorlands,5,Not answered,5095
E07000199,Tamworth,-8,Does not apply,0
E07000199,Tamworth,1,Straight or Heterosexual,58751
E07000199,Tamworth,2,Gay or Lesbian,733
E07000199,Tamworth,3,Bisexual,599
E07000199,Tamworth,4,All other sexual orientations,137
E07000199,Tamworth,5,Not answered,3573
E07000200,Babergh,-8,Does not apply,0
E07000200,Babergh,1,Straight or Heterosexual,70434
E07000200,Babergh,2,Gay or Lesbian,843
E07000200,Babergh,3,Bisexual,655
E07000200,Babergh,4,All other sexual orientations,149
E07000200,Babergh,5,Not answered,5297
E07000202,Ipswich,-8,Does not apply,0
E07000202,Ipswich,1,Straight or Heterosexual,99026
E07000202,Ipswich,2,Gay or Lesbian,1724
E07000202,Ipswich,3,Bisexual,1752
E07000202,Ipswich,4,All other sexual orientations,616
E07000202,Ipswich,5,Not answered,8714
E07000203,Mid Suffolk,-8,Does not apply,0
E07000203,Mid Suffolk,1,Straight or Heterosexual,79066
E07000203,Mid Suffolk,2,Gay or Lesbian,989
E07000203,Mid Suffolk,3,Bisexual,764
E07000203,Mid Suffolk,4,All other sexual orientations,178
E07000203,Mid Suffolk,5,Not answered,5306
E07000207,Elmbridge,-8,Does not apply,0
E07000207,Elmbridge,1,Straight or Heterosexual,99381
E07000207,Elmbridge,2,Gay or Lesbian,1155
E07000207,Elmbridge,3,Bisexual,838
E07000207,Elmbridge,4,All other sexual orientations,219
E07000207,Elmbridge,5,Not answered,7180
E07000208,Epsom and Ewell,-8,Does not apply,0
E07000208,Epsom and Ewell,1,Straight or Heterosexual,58730
E07000208,Epsom and Ewell,2,Gay or Lesbian,691
E07000208,Epsom and Ewell,3,Bisexual,568
E07000208,Epsom and Ewell,4,All other sexual orientations,144
E07000208,Epsom and Ewell,5,Not answered,4474
E07000209,Guildford,-8,Does not apply,0
E07000209,Guildford,1,Straight or Heterosexual,106016
E07000209,Guildford,2,Gay or Lesbian,1670
E07000209,Guildford,3,Bisexual,1990
E07000209,Guildford,4,All other sexual orientations,458
E07000209,Guildford,5,Not answered,9225
E07000210,Mole Valley,-8,Does not apply,0
E07000210,Mole Valley,1,Straight or Heterosexual,66189
E07000210,Mole Valley,2,Gay or Lesbian,762
E07000210,Mole Valley,3,Bisexual,598
E07000210,Mole Valley,4,All other sexual orientations,147
E07000210,Mole Valley,5,Not answered,4645
E07000211,Reigate and Banstead,-8,Does not apply,0
E07000211,Reigate and Banstead,1,Straight or Heterosexual,109322
E07000211,Reigate and Banstead,2,Gay or Lesbian,1398
E07000211,Reigate and Banstead,3,Bisexual,1089
E07000211,Reigate and Banstead,4,All other sexual orientations,269
E07000211,Reigate and Banstead,5,Not answered,8051
E07000212,Runnymede,-8,Does not apply,0
E07000212,Runnymede,1,Straight or Heterosexual,64392
E07000212,Runnymede,2,Gay or Lesbian,1017
E07000212,Runnymede,3,Bisexual,1233
E07000212,Runnymede,4,All other sexual orientations,282
E07000212,Runnymede,5,Not answered,5797
E07000213,Spelthorne,-8,Does not apply,0
E07000213,Spelthorne,1,Straight or Heterosexual,75505
E07000213,Spelthorne,2,Gay or Lesbian,1088
E07000213,Spelthorne,3,Bisexual,704
E07000213,Spelthorne,4,All other sexual orientations,161
E07000213,Spelthorne,5,Not answered,5904
E07000214,Surrey Heath,-8,Does not apply,0
E07000214,Surrey Heath,1,Straight or Heterosexual,67799
E07000214,Surrey Heath,2,Gay or Lesbian,775
E07000214,Surrey Heath,3,Bisexual,589
E07000214,Surrey Heath,4,All other sexual orientations,156
E07000214,Surrey Heath,5,Not answered,4465
E07000215,Tandridge,-8,Does not apply,0
E07000215,Tandridge,1,Straight or Heterosexual,64718
E07000215,Tandridge,2,Gay or Lesbian,744
E07000215,Tandridge,3,Bisexual,559
E07000215,Tandridge,4,All other sexual orientations,141
E07000215,Tandridge,5,Not answered,4664
E07000216,Waverley,-8,Does not apply,0
E07000216,Waverley,1,Straight or Heterosexual,94198
E07000216,Waverley,2,Gay or Lesbian,1076
E07000216,Waverley,3,Bisexual,1225
E07000216,Waverley,4,All other sexual orientations,278
E07000216,Waverley,5,Not answered,6859
E07000217,Woking,-8,Does not apply,0
E07000217,Woking,1,Straight or Heterosexual,75426
E07000217,Woking,2,Gay or Lesbian,980
E07000217,Woking,3,Bisexual,839
E07000217,Woking,4,All other sexual orientations,281
E07000217,Woking,5,Not answered,5456
E07000218,North Warwickshire,-8,Does not apply,0
E07000218,North Warwickshire,1,Straight or Heterosexual,49554
E07000218,North Warwickshire,2,Gay or Lesbian,652
E07000218,North Warwickshire,3,Bisexual,456
E07000218,North Warwickshire,4,All other sexual orientations,102
E07000218,North Warwickshire,5,Not answered,3134
E07000219,Nuneaton and Bedworth,-8,Does not apply,0
E07000219,Nuneaton and Bedworth,1,Straight or Heterosexual,98981
E07000219,Nuneaton and Bedworth,2,Gay or Lesbian,1360
E07000219,Nuneaton and Bedworth,3,Bisexual,1087
E07000219,Nuneaton and Bedworth,4,All other sexual orientations,241
E07000219,Nuneaton and Bedworth,5,Not answered,6919
E07000220,Rugby,-8,Does not apply,0
E07000220,Rugby,1,Straight or Heterosexual,83469
E07000220,Rugby,2,Gay or Lesbian,1072
E07000220,Rugby,3,Bisexual,973
E07000220,Rugby,4,All other sexual orientations,256
E07000220,Rugby,5,Not answered,6417
E07000221,Stratford-on-Avon,-8,Does not apply,0
E07000221,Stratford-on-Avon,1,Straight or Heterosexual,103165
E07000221,Stratford-on-Avon,2,Gay or Lesbian,1272
E07000221,Stratford-on-Avon,3,Bisexual,946
E07000221,Stratford-on-Avon,4,All other sexual orientations,209
E07000221,Stratford-on-Avon,5,Not answered,7047
E07000222,Warwick,-8,Does not apply,0
E07000222,Warwick,1,Straight or Heterosexual,110731
E07000222,Warwick,2,Gay or Lesbian,1644
E07000222,Warwick,3,Bisexual,2001
E07000222,Warwick,4,All other sexual orientations,485
E07000222,Warwick,5,Not answered,8391
E07000223,Adur,-8,Does not apply,0
E07000223,Adur,1,Straight or Heterosexual,47736
E07000223,Adur,2,Gay or Lesbian,1015
E07000223,Adur,3,Bisexual,623
E07000223,Adur,4,All other sexual orientations,153
E07000223,Adur,5,Not answered,3426
E07000224,Arun,-8,Does not apply,0
E07000224,Arun,1,Straight or Heterosexual,125990
E07000224,Arun,2,Gay or Lesbian,2002
E07000224,Arun,3,Bisexual,1361
E07000224,Arun,4,All other sexual orientations,310
E07000224,Arun,5,Not answered,9888
E07000225,Chichester,-8,Does not apply,0
E07000225,Chichester,1,Straight or Heterosexual,94857
E07000225,Chichester,2,Gay or Lesbian,1418
E07000225,Chichester,3,Bisexual,1257
E07000225,Chichester,4,All other sexual orientations,306
E07000225,Chichester,5,Not answered,6871
E07000226,Crawley,-8,Does not apply,0
E07000226,Crawley,1,Straight or Heterosexual,84098
E07000226,Crawley,2,Gay or Lesbian,1399
E07000226,Crawley,3,Bisexual,1018
E07000226,Crawley,4,All other sexual orientations,302
E07000226,Crawley,5,Not answered,6752
E07000227,Horsham,-8,Does not apply,0
E07000227,Horsham,1,Straight or Heterosexual,110092
E07000227,Horsham,2,Gay or Lesbian,1584
E07000227,Horsham,3,Bisexual,1223
E07000227,Horsham,4,All other sexual orientations,267
E07000227,Horsham,5,Not answered,7497
E07000228,Mid Sussex,-8,Does not apply,0
E07000228,Mid Sussex,1,Straight or Heterosexual,112276
E07000228,Mid Sussex,2,Gay or Lesbian,1642
E07000228,Mid Sussex,3,Bisexual,1303
E07000228,Mid Sussex,4,All other sexual orientations,302
E07000228,Mid Sussex,5,Not answered,7792
E07000229,Worthing,-8,Does not apply,0
E07000229,Worthing,1,Straight or Heterosexual,81855
E07000229,Worthing,2,Gay or Lesbian,1983
E07000229,Worthing,3,Bisexual,1380
E07000229,Worthing,4,All other sexual orientations,350
E07000229,Worthing,5,Not answered,6786
E07000234,Bromsgrove,-8,Does not apply,0
E07000234,Bromsgrove,1,Straight or Heterosexual,74613
E07000234,Bromsgrove,2,Gay or Lesbian,896
E07000234,Bromsgrove,3,Bisexual,612
E07000234,Bromsgrove,4,All other sexual orientations,137
E07000234,Bromsgrove,5,Not answered,4840
E07000235,Malvern Hills,-8,Does not apply,0
E07000235,Malvern Hills,1,Straight or Heterosexual,60981
E07000235,Malvern Hills,2,Gay or Lesbian,750
E07000235,Malvern Hills,3,Bisexual,591
E07000235,Malvern Hills,4,All other sexual orientations,142
E07000235,Malvern Hills,5,Not answered,4656
E07000236,Redditch,-8,Does not apply,0
E07000236,Redditch,1,Straight or Heterosexual,64095
E07000236,Redditch,2,Gay or Lesbian,871
E07000236,Redditch,3,Bisexual,639
E07000236,Redditch,4,All other sexual orientations,147
E07000236,Redditch,5,Not answered,4499
E07000237,Worcester,-8,Does not apply,0
E07000237,Worcester,1,Straight or Heterosexual,76463
E07000237,Worcester,2,Gay or Lesbian,1341
E07000237,Worcester,3,Bisexual,1367
E07000237,Worcester,4,All other sexual orientations,303
E07000237,Worcester,5,Not answered,6133
E07000238,Wychavon,-8,Does not apply,0
E07000238,Wychavon,1,Straight or Heterosexual,101636
E07000238,Wychavon,2,Gay or Lesbian,1188
E07000238,Wychavon,3,Bisexual,893
E07000238,Wychavon,4,All other sexual orientations,192
E07000238,Wychavon,5,Not answered,6809
E07000239,Wyre Forest,-8,Does not apply,0
E07000239,Wyre Forest,1,Straight or Heterosexual,76797
E07000239,Wyre Forest,2,Gay or Lesbian,1030
E07000239,Wyre Forest,3,Bisexual,718
E07000239,Wyre Forest,4,All other sexual orientations,173
E07000239,Wyre Forest,5,Not answered,5845
E07000240,St Albans,-8,Does not apply,0
E07000240,St Albans,1,Straight or Heterosexual,105865
E07000240,St Albans,2,Gay or Lesbian,1247
E07000240,St Albans,3,Bisexual,1028
E07000240,St Albans,4,All other sexual orientations,279
E07000240,St Albans,5,Not answered,7671
E07000241,Welwyn Hatfield,-8,Does not apply,0
E07000241,Welwyn Hatfield,1,Straight or Heterosexual,87010
E07000241,Welwyn Hatfield,2,Gay or Lesbian,1170
E07000241,Welwyn Hatfield,3,Bisexual,1380
E07000241,Welwyn Hatfield,4,All other sexual orientations,381
E07000241,Welwyn Hatfield,5,Not answered,7543
E07000242,East Hertfordshire,-8,Does not apply,0
E07000242,East Hertfordshire,1,Straight or Heterosexual,110717
E07000242,East Hertfordshire,2,Gay or Lesbian,1431
E07000242,East Hertfordshire,3,Bisexual,1087
E07000242,East Hertfordshire,4,All other sexual orientations,281
E07000242,East Hertfordshire,5,Not answered,7634
E07000243,Stevenage,-8,Does not apply,0
E07000243,Stevenage,1,Straight or Heterosexual,64574
E07000243,Stevenage,2,Gay or Lesbian,906
E07000243,Stevenage,3,Bisexual,827
E07000243,Stevenage,4,All other sexual orientations,212
E07000243,Stevenage,5,Not answered,4717
E07000244,East Suffolk,-8,Does not apply,0
E07000244,East Suffolk,1,Straight or Heterosexual,186886
E07000244,East Suffolk,2,Gay or Lesbian,2490
E07000244,East Suffolk,3,Bisexual,2008
E07000244,East Suffolk,4,All other sexual orientations,442
E07000244,East Suffolk,5,Not answered,14893
E07000245,West Suffolk,-8,Does not apply,0
E07000245,West Suffolk,1,Straight or Heterosexual,133847
E07000245,West Suffolk,2,Gay or Lesbian,1866
E07000245,West Suffolk,3,Bisexual,1676
E07000245,West Suffolk,4,All other sexual orientations,463
E07000245,West Suffolk,5,Not answered,10275
E07000246,Somerset West and Taunton,-8,Does not apply,0
E07000246,Somerset West and Taunton,1,Straight or Heterosexual,118035
E07000246,Somerset West and Taunton,2,Gay or Lesbian,1626
E07000246,Somerset West and Taunton,3,Bisexual,1442
E07000246,Somerset West and Taunton,4,All other sexual orientations,326
E07000246,Somerset West and Taunton,5,Not answered,9865
E08000001,Bolton,-8,Does not apply,0
E08000001,Bolton,1,Straight or Heterosexual,210665
E08000001,Bolton,2,Gay or Lesbian,2807
E08000001,Bolton,3,Bisexual,2317
E08000001,Bolton,4,All other sexual orientations,570
E08000001,Bolton,5,Not answered,15931
E08000002,Bury,-8,Does not apply,0
E08000002,Bury,1,Straight or Heterosexual,140309
E08000002,Bury,2,Gay or Lesbian,2443
E08000002,Bury,3,Bisexual,1524
E08000002,Bury,4,All other sexual orientations,395
E08000002,Bury,5,Not answered,10202
E08000003,Manchester,-8,Does not apply,0
E08000003,Manchester,1,Straight or Heterosexual,370576
E08000003,Manchester,2,Gay or Lesbian,14608
E08000003,Manchester,3,Bisexual,11782
E08000003,Manchester,4,All other sexual orientations,2830
E08000003,Manchester,5,Not answered,38162
E08000004,Oldham,-8,Does not apply,0
E08000004,Oldham,1,Straight or Heterosexual,169261
E08000004,Oldham,2,Gay or Lesbian,2152
E08000004,Oldham,3,Bisexual,1541
E08000004,Oldham,4,All other sexual orientations,487
E08000004,Oldham,5,Not answered,13594
E08000005,Rochdale,-8,Does not apply,0
E08000005,Rochdale,1,Straight or Heterosexual,159265
E08000005,Rochdale,2,Gay or Lesbian,2040
E08000005,Rochdale,3,Bisexual,1515
E08000005,Rochdale,4,All other sexual orientations,413
E08000005,Rochdale,5,Not answered,11711
E08000006,Salford,-8,Does not apply,0
E08000006,Salford,1,Straight or Heterosexual,187446
E08000006,Salford,2,Gay or Lesbian,7181
E08000006,Salford,3,Bisexual,4141
E08000006,Salford,4,All other sexual orientations,925
E08000006,Salford,5,Not answered,17230
E08000007,Stockport,-8,Does not apply,0
E08000007,Stockport,1,Straight or Heterosexual,217470
E08000007,Stockport,2,Gay or Lesbian,3983
E08000007,Stockport,3,Bisexual,2500
E08000007,Stockport,4,All other sexual orientations,637
E08000007,Stockport,5,Not answered,14335
E08000008,Tameside,-8,Does not apply,0
E08000008,Tameside,1,Straight or Heterosexual,168142
E08000008,Tameside,2,Gay or Lesbian,3315
E08000008,Tameside,3,Bisexual,2081
E08000008,Tameside,4,All other sexual orientations,612
E08000008,Tameside,5,Not answered,10985
E08000009,Trafford,-8,Does not apply,0
E08000009,Trafford,1,Straight or Heterosexual,169221
E08000009,Trafford,2,Gay or Lesbian,3032
E08000009,Trafford,3,Bisexual,1856
E08000009,Trafford,4,All other sexual orientations,523
E08000009,Trafford,5,Not answered,11519
E08000010,Wigan,-8,Does not apply,0
E08000010,Wigan,1,Straight or Heterosexual,247126
E08000010,Wigan,2,Gay or Lesbian,3885
E08000010,Wigan,3,Bisexual,2381
E08000010,Wigan,4,All other sexual orientations,507
E08000010,Wigan,5,Not answered,14795
E08000011,Knowsley,-8,Does not apply,0
E08000011,Knowsley,1,Straight or Heterosexual,114338
E08000011,Knowsley,2,Gay or Lesbian,1803
E08000011,Knowsley,3,Bisexual,889
E08000011,Knowsley,4,All other sexual orientations,187
E08000011,Knowsley,5,Not answered,7082
E08000012,Liverpool,-8,Does not apply,0
E08000012,Liverpool,1,Straight or Heterosexual,354781
E08000012,Liverpool,2,Gay or Lesbian,8587
E08000012,Liverpool,3,Bisexual,7511
E08000012,Liverpool,4,All other sexual orientations,1705
E08000012,Liverpool,5,Not answered,30444
E08000013,St. Helens,-8,Does not apply,0
E08000013,St. Helens,1,Straight or Heterosexual,138290
E08000013,St. Helens,2,Gay or Lesbian,2407
E08000013,St. Helens,3,Bisexual,1335
E08000013,St. Helens,4,All other sexual orientations,323
E08000013,St. Helens,5,Not answered,8217
E08000014,Sefton,-8,Does not apply,0
E08000014,Sefton,1,Straight or Heterosexual,212421
E08000014,Sefton,2,Gay or Lesbian,3301
E08000014,Sefton,3,Bisexual,2024
E08000014,Sefton,4,All other sexual orientations,492
E08000014,Sefton,5,Not answered,14151
E08000015,Wirral,-8,Does not apply,0
E08000015,Wirral,1,Straight or Heterosexual,237613
E08000015,Wirral,2,Gay or Lesbian,4179
E08000015,Wirral,3,Bisexual,2727
E08000015,Wirral,4,All other sexual orientations,632
E08000015,Wirral,5,Not answered,16958
E08000016,Barnsley,-8,Does not apply,0
E08000016,Barnsley,1,Straight or Heterosexual,182948
E08000016,Barnsley,2,Gay or Lesbian,2990
E08000016,Barnsley,3,Bisexual,1817
E08000016,Barnsley,4,All other sexual orientations,396
E08000016,Barnsley,5,Not answered,11638
E08000017,Doncaster,-8,Does not apply,0
E08000017,Doncaster,1,Straight or Heterosexual,227960
E08000017,Doncaster,2,Gay or Lesbian,3465
E08000017,Doncaster,3,Bisexual,2407
E08000017,Doncaster,4,All other sexual orientations,644
E08000017,Doncaster,5,Not answered,16449
E08000018,Rotherham,-8,Does not apply,0
E08000018,Rotherham,1,Straight or Heterosexual,197506
E08000018,Rotherham,2,Gay or Lesbian,2638
E08000018,Rotherham,3,Bisexual,1900
E08000018,Rotherham,4,All other sexual orientations,522
E08000018,Rotherham,5,Not answered,13007
E08000019,Sheffield,-8,Does not apply,0
E08000019,Sheffield,1,Straight or Heterosexual,401537
E08000019,Sheffield,2,Gay or Lesbian,7395
E08000019,Sheffield,3,Bisexual,9018
E08000019,Sheffield,4,All other sexual orientations,2411
E08000019,Sheffield,5,Not answered,35889
E08000021,Newcastle upon Tyne,-8,Does not apply,0
E08000021,Newcastle upon Tyne,1,Straight or Heterosexual,217008
E08000021,Newcastle upon Tyne,2,Gay or Lesbian,5497
E08000021,Newcastle upon Tyne,3,Bisexual,5725
E08000021,Newcastle upon Tyne,4,All other sexual orientations,1334
E08000021,Newcastle upon Tyne,5,Not answered,18886
E08000022,North Tyneside,-8,Does not apply,0
E08000022,North Tyneside,1,Straight or Heterosexual,157223
E08000022,North Tyneside,2,Gay or Lesbian,2925
E08000022,North Tyneside,3,Bisexual,1992
E08000022,North Tyneside,4,All other sexual orientations,404
E08000022,North Tyneside,5,Not answered,8968
E08000023,South Tyneside,-8,Does not apply,0
E08000023,South Tyneside,1,Straight or Heterosexual,111601
E08000023,South Tyneside,2,Gay or Lesbian,1756
E08000023,South Tyneside,3,Bisexual,1213
E08000023,South Tyneside,4,All other sexual orientations,220
E08000023,South Tyneside,5,Not answered,6502
E08000024,Sunderland,-8,Does not apply,0
E08000024,Sunderland,1,Straight or Heterosexual,208166
E08000024,Sunderland,2,Gay or Lesbian,3279
E08000024,Sunderland,3,Bisexual,2057
E08000024,Sunderland,4,All other sexual orientations,487
E08000024,Sunderland,5,Not answered,12082
E08000025,Birmingham,-8,Does not apply,0
E08000025,Birmingham,1,Straight or Heterosexual,779054
E08000025,Birmingham,2,Gay or Lesbian,11968
E08000025,Birmingham,3,Bisexual,11258
E08000025,Birmingham,4,All other sexual orientations,3578
E08000025,Birmingham,5,Not answered,83766
E08000026,Coventry,-8,Does not apply,0
E08000026,Coventry,1,Straight or Heterosexual,243622
E08000026,Coventry,2,Gay or Lesbian,3339
E08000026,Coventry,3,Bisexual,4133
E08000026,Coventry,4,All other sexual orientations,1289
E08000026,Coventry,5,Not answered,24490
E08000027,Dudley,-8,Does not apply,0
E08000027,Dudley,1,Straight or Heterosexual,238192
E08000027,Dudley,2,Gay or Lesbian,3115
E08000027,Dudley,3,Bisexual,2172
E08000027,Dudley,4,All other sexual orientations,528
E08000027,Dudley,5,Not answered,18481
E08000028,Sandwell,-8,Does not apply,0
E08000028,Sandwell,1,Straight or Heterosexual,237544
E08000028,Sandwell,2,Gay or Lesbian,2816
E08000028,Sandwell,3,Bisexual,2525
E08000028,Sandwell,4,All other sexual orientations,761
E08000028,Sandwell,5,Not answered,22385
E08000029,Solihull,-8,Does not apply,0
E08000029,Solihull,1,Straight or Heterosexual,160446
E08000029,Solihull,2,Gay or Lesbian,1765
E08000029,Solihull,3,Bisexual,1251
E08000029,Solihull,4,All other sexual orientations,273
E08000029,Solihull,5,Not answered,10765
E08000030,Walsall,-8,Does not apply,0
E08000030,Walsall,1,Straight or Heterosexual,201330
E08000030,Walsall,2,Gay or Lesbian,2399
E08000030,Walsall,3,Bisexual,1876
E08000030,Walsall,4,All other sexual orientations,550
E08000030,Walsall,5,Not answered,16945
E08000031,Wolverhampton,-8,Does not apply,0
E08000031,Wolverhampton,1,Straight or Heterosexual,185921
E08000031,Wolverhampton,2,Gay or Lesbian,2262
E08000031,Wolverhampton,3,Bisexual,2161
E08000031,Wolverhampton,4,All other sexual orientations,735
E08000031,Wolverhampton,5,Not answered,17363
E08000032,Bradford,-8,Does not apply,0
E08000032,Bradford,1,Straight or Heterosexual,374590
E08000032,Bradford,2,Gay or Lesbian,4545
E08000032,Bradford,3,Bisexual,4261
E08000032,Bradford,4,All other sexual orientations,1260
E08000032,Bradford,5,Not answered,36918
E08000033,Calderdale,-8,Does not apply,0
E08000033,Calderdale,1,Straight or Heterosexual,149815
E08000033,Calderdale,2,Gay or Lesbian,2811
E08000033,Calderdale,3,Bisexual,1968
E08000033,Calderdale,4,All other sexual orientations,552
E08000033,Calderdale,5,Not answered,11488
E08000034,Kirklees,-8,Does not apply,0
E08000034,Kirklees,1,Straight or Heterosexual,311501
E08000034,Kirklees,2,Gay or Lesbian,4340
E08000034,Kirklees,3,Bisexual,3697
E08000034,Kirklees,4,All other sexual orientations,995
E08000034,Kirklees,5,Not answered,25742
E08000035,Leeds,-8,Does not apply,0
E08000035,Leeds,1,Straight or Heterosexual,582244
E08000035,Leeds,2,Gay or Lesbian,12229
E08000035,Leeds,3,Bisexual,12656
E08000035,Leeds,4,All other sexual orientations,3078
E08000035,Leeds,5,Not answered,48264
E08000036,Wakefield,-8,Does not apply,0
E08000036,Wakefield,1,Straight or Heterosexual,261615
E08000036,Wakefield,2,Gay or Lesbian,4321
E08000036,Wakefield,3,Bisexual,2968
E08000036,Wakefield,4,All other sexual orientations,689
E08000036,Wakefield,5,Not answered,17945
E08000037,Gateshead,-8,Does not apply,0
E08000037,Gateshead,1,Straight or Heterosexual,147379
E08000037,Gateshead,2,Gay or Lesbian,3087
E08000037,Gateshead,3,Bisexual,1939
E08000037,Gateshead,4,All other sexual orientations,470
E08000037,Gateshead,5,Not answered,8874
E09000001,City of London,-8,Does not apply,0
E09000001,City of London,1,Straight or Heterosexual,6348
E09000001,City of London,2,Gay or Lesbian,607
E09000001,City of London,3,Bisexual,185
E09000001,City of London,4,All other sexual orientations,34
E09000001,City of London,5,Not answered,830
E09000002,Barking and Dagenham,-8,Does not apply,0
E09000002,Barking and Dagenham,1,Straight or Heterosexual,143275
E09000002,Barking and Dagenham,2,Gay or Lesbian,1333
E09000002,Barking and Dagenham,3,Bisexual,1571
E09000002,Barking and Dagenham,4,All other sexual orientations,786
E09000002,Barking and Dagenham,5,Not answered,14780
E09000003,Barnet,-8,Does not apply,0
E09000003,Barnet,1,Straight or Heterosexual,269986
E09000003,Barnet,2,Gay or Lesbian,3864
E09000003,Barnet,3,Bisexual,3286
E09000003,Barnet,4,All other sexual orientations,1483
E09000003,Barnet,5,Not answered,30735
E09000004,Bexley,-8,Does not apply,0
E09000004,Bexley,1,Straight or Heterosexual,178051
E09000004,Bexley,2,Gay or Lesbian,2058
E09000004,Bexley,3,Bisexual,1585
E09000004,Bexley,4,All other sexual orientations,493
E09000004,Bexley,5,Not answered,13640
E09000005,Brent,-8,Does not apply,0
E09000005,Brent,1,Straight or Heterosexual,234151
E09000005,Brent,2,Gay or Lesbian,3604
E09000005,Brent,3,Bisexual,3561
E09000005,Brent,4,All other sexual orientations,1639
E09000005,Brent,5,Not answered,32188
E09000006,Bromley,-8,Does not apply,0
E09000006,Bromley,1,Straight or Heterosexual,238515
E09000006,Bromley,2,Gay or Lesbian,4047
E09000006,Bromley,3,Bisexual,2507
E09000006,Bromley,4,All other sexual orientations,679
E09000006,Bromley,5,Not answered,19340
E09000007,Camden,-8,Does not apply,0
E09000007,Camden,1,Straight or Heterosexual,146868
E09000007,Camden,2,Gay or Lesbian,6651
E09000007,Camden,3,Bisexual,4511
E09000007,Camden,4,All other sexual orientations,1186
E09000007,Camden,5,Not answered,18692
E09000008,Croydon,-8,Does not apply,0
E09000008,Croydon,1,Straight or Heterosexual,272523
E09000008,Croydon,2,Gay or Lesbian,4696
E09000008,Croydon,3,Bisexual,3661
E09000008,Croydon,4,All other sexual orientations,1175
E09000008,Croydon,5,Not answered,28344
E09000009,Ealing,-8,Does not apply,0
E09000009,Ealing,1,Straight or Heterosexual,254948
E09000009,Ealing,2,Gay or Lesbian,4484
E09000009,Ealing,3,Bisexual,3846
E09000009,Ealing,4,All other sexual orientations,1527
E09000009,Ealing,5,Not answered,30566
E09000010,Enfield,-8,Does not apply,0
E09000010,Enfield,1,Straight or Heterosexual,226705
E09000010,Enfield,2,Gay or Lesbian,2342
E09000010,Enfield,3,Bisexual,2073
E09000010,Enfield,4,All other sexual orientations,1204
E09000010,Enfield,5,Not answered,24858
E09000011,Greenwich,-8,Does not apply,0
E09000011,Greenwich,1,Straight or Heterosexual,199766
E09000011,Greenwich,2,Gay or Lesbian,5685
E09000011,Greenwich,3,Bisexual,3369
E09000011,Greenwich,4,All other sexual orientations,1253
E09000011,Greenwich,5,Not answered,19674
E09000012,Hackney,-8,Does not apply,0
E09000012,Hackney,1,Straight or Heterosexual,166695
E09000012,Hackney,2,Gay or Lesbian,8602
E09000012,Hackney,3,Bisexual,5919
E09000012,Hackney,4,All other sexual orientations,1868
E09000012,Hackney,5,Not answered,26384
E09000013,Hammersmith and Fulham,-8,Does not apply,0
E09000013,Hammersmith and Fulham,1,Straight or Heterosexual,131392
E09000013,Hammersmith and Fulham,2,Gay or Lesbian,4825
E09000013,Hammersmith and Fulham,3,Bisexual,2714
E09000013,Hammersmith and Fulham,4,All other sexual orientations,681
E09000013,Hammersmith and Fulham,5,Not answered,15015
E09000014,Haringey,-8,Does not apply,0
E09000014,Haringey,1,Straight or Heterosexual,180100
E09000014,Haringey,2,Gay or Lesbian,5912
E09000014,Haringey,3,Bisexual,4503
E09000014,Haringey,4,All other sexual orientations,1752
E09000014,Haringey,5,Not answered,23733
E09000015,Harrow,-8,Does not apply,0
E09000015,Harrow,1,Straight or Heterosexual,182702
E09000015,Harrow,2,Gay or Lesbian,1361
E09000015,Harrow,3,Bisexual,1873
E09000015,Harrow,4,All other sexual orientations,1005
E09000015,Harrow,5,Not answered,22680
E09000016,Havering,-8,Does not apply,0
E09000016,Havering,1,Straight or Heterosexual,191007
E09000016,Havering,2,Gay or Lesbian,1993
E09000016,Havering,3,Bisexual,1540
E09000016,Havering,4,All other sexual orientations,559
E09000016,Havering,5,Not answered,14631
E09000017,Hillingdon,-8,Does not apply,0
E09000017,Hillingdon,1,Straight or Heterosexual,215049
E09000017,Hillingdon,2,Gay or Lesbian,2169
E09000017,Hillingdon,3,Bisexual,2329
E09000017,Hillingdon,4,All other sexual orientations,880
E09000017,Hillingdon,5,Not answered,21451
E09000018,Hounslow,-8,Does not apply,0
E09000018,Hounslow,1,Straight or Heterosexual,199334
E09000018,Hounslow,2,Gay or Lesbian,3139
E09000018,Hounslow,3,Bisexual,2746
E09000018,Hounslow,4,All other sexual orientations,1003
E09000018,Hounslow,5,Not answered,22459
E09000019,Islington,-8,Does not apply,0
E09000019,Islington,1,Straight or Heterosexual,151195
E09000019,Islington,2,Gay or Lesbian,8420
E09000019,Islington,3,Bisexual,4973
E09000019,Islington,4,All other sexual orientations,1319
E09000019,Islington,5,Not answered,17719
E09000020,Kensington and Chelsea,-8,Does not apply,0
E09000020,Kensington and Chelsea,1,Straight or Heterosexual,104227
E09000020,Kensington and Chelsea,2,Gay or Lesbian,3363
E09000020,Kensington and Chelsea,3,Bisexual,1569
E09000020,Kensington and Chelsea,4,All other sexual orientations,409
E09000020,Kensington and Chelsea,5,Not answered,13521
E09000021,Kingston upon Thames,-8,Does not apply,0
E09000021,Kingston upon Thames,1,Straight or Heterosexual,119304
E09000021,Kingston upon Thames,2,Gay or Lesbian,2110
E09000021,Kingston upon Thames,3,Bisexual,2022
E09000021,Kingston upon Thames,4,All other sexual orientations,510
E09000021,Kingston upon Thames,5,Not answered,11518
E09000022,Lambeth,-8,Does not apply,0
E09000022,Lambeth,1,Straight or Heterosexual,222348
E09000022,Lambeth,2,Gay or Lesbian,14291
E09000022,Lambeth,3,Bisexual,6063
E09000022,Lambeth,4,All other sexual orientations,1844
E09000022,Lambeth,5,Not answered,24398
E09000023,Lewisham,-8,Does not apply,0
E09000023,Lewisham,1,Straight or Heterosexual,203913
E09000023,Lewisham,2,Gay or Lesbian,7268
E09000023,Lewisham,3,Bisexual,5658
E09000023,Lewisham,4,All other sexual orientations,1949
E09000023,Lewisham,5,Not answered,23623
E09000024,Merton,-8,Does not apply,0
E09000024,Merton,1,Straight or Heterosexual,151063
E09000024,Merton,2,Gay or Lesbian,2998
E09000024,Merton,3,Bisexual,2127
E09000024,Merton,4,All other sexual orientations,663
E09000024,Merton,5,Not answered,15921
E09000025,Newham,-8,Does not apply,0
E09000025,Newham,1,Straight or Heterosexual,235493
E09000025,Newham,2,Gay or Lesbian,4910
E09000025,Newham,3,Bisexual,4168
E09000025,Newham,4,All other sexual orientations,2008
E09000025,Newham,5,Not answered,29594
E09000026,Redbridge,-8,Does not apply,0
E09000026,Redbridge,1,Straight or Heterosexual,213103
E09000026,Redbridge,2,Gay or Lesbian,2052
E09000026,Redbridge,3,Bisexual,2272
E09000026,Redbridge,4,All other sexual orientations,1072
E09000026,Redbridge,5,Not answered,23518
E09000027,Richmond upon Thames,-8,Does not apply,0
E09000027,Richmond upon Thames,1,Straight or Heterosexual,138752
E09000027,Richmond upon Thames,2,Gay or Lesbian,2894
E09000027,Richmond upon Thames,3,Bisexual,1848
E09000027,Richmond upon Thames,4,All other sexual orientations,495
E09000027,Richmond upon Thames,5,Not answered,11845
E09000028,Southwark,-8,Does not apply,0
E09000028,Southwark,1,Straight or Heterosexual,211847
E09000028,Southwark,2,Gay or Lesbian,11596
E09000028,Southwark,3,Bisexual,6586
E09000028,Southwark,4,All other sexual orientations,2515
E09000028,Southwark,5,Not answered,23592
E09000029,Sutton,-8,Does not apply,0
E09000029,Sutton,1,Straight or Heterosexual,149012
E09000029,Sutton,2,Gay or Lesbian,1935
E09000029,Sutton,3,Bisexual,1605
E09000029,Sutton,4,All other sexual orientations,427
E09000029,Sutton,5,Not answered,12678
E09000030,Tower Hamlets,-8,Does not apply,0
E09000030,Tower Hamlets,1,Straight or Heterosexual,210070
E09000030,Tower Hamlets,2,Gay or Lesbian,10021
E09000030,Tower Hamlets,3,Bisexual,6376
E09000030,Tower Hamlets,4,All other sexual orientations,1730
E09000030,Tower Hamlets,5,Not answered,24688
E09000031,Waltham Forest,-8,Does not apply,0
E09000031,Waltham Forest,1,Straight or Heterosexual,191049
E09000031,Waltham Forest,2,Gay or Lesbian,5032
E09000031,Waltham Forest,3,Bisexual,3591
E09000031,Waltham Forest,4,All other sexual orientations,1423
E09000031,Waltham Forest,5,Not answered,21087
E09000032,Wandsworth,-8,Does not apply,0
E09000032,Wandsworth,1,Straight or Heterosexual,236553
E09000032,Wandsworth,2,Gay or Lesbian,8342
E09000032,Wandsworth,3,Bisexual,4762
E09000032,Wandsworth,4,All other sexual orientations,1080
E09000032,Wandsworth,5,Not answered,22821
E09000033,Westminster,-8,Does not apply,0
E09000033,Westminster,1,Straight or Heterosexual,147855
E09000033,Westminster,2,Gay or Lesbian,6155
E09000033,Westminster,3,Bisexual,2741
E09000033,Westminster,4,All other sexual orientations,831
E09000033,Westminster,5,Not answered,19885
W06000001,Isle of Anglesey,-8,Does not apply,0
W06000001,Isle of Anglesey,1,Straight or Heterosexual,51430
W06000001,Isle of Anglesey,2,Gay or Lesbian,620
W06000001,Isle of Anglesey,3,Bisexual,470
W06000001,Isle of Anglesey,4,All other sexual orientations,77
W06000001,Isle of Anglesey,5,Not answered,4552
W06000002,Gwynedd,-8,Does not apply,0
W06000002,Gwynedd,1,Straight or Heterosexual,85574
W06000002,Gwynedd,2,Gay or Lesbian,1303
W06000002,Gwynedd,3,Bisexual,1594
W06000002,Gwynedd,4,All other sexual orientations,334
W06000002,Gwynedd,5,Not answered,9163
W06000003,Conwy,-8,Does not apply,0
W06000003,Conwy,1,Straight or Heterosexual,85973
W06000003,Conwy,2,Gay or Lesbian,1330
W06000003,Conwy,3,Bisexual,872
W06000003,Conwy,4,All other sexual orientations,203
W06000003,Conwy,5,Not answered,7986
W06000004,Denbighshire,-8,Does not apply,0
W06000004,Denbighshire,1,Straight or Heterosexual,70523
W06000004,Denbighshire,2,Gay or Lesbian,1002
W06000004,Denbighshire,3,Bisexual,699
W06000004,Denbighshire,4,All other sexual orientations,147
W06000004,Denbighshire,5,Not answered,6537
W06000005,Flintshire,-8,Does not apply,0
W06000005,Flintshire,1,Straight or Heterosexual,115441
W06000005,Flintshire,2,Gay or Lesbian,1582
W06000005,Flintshire,3,Bisexual,1042
W06000005,Flintshire,4,All other sexual orientations,226
W06000005,Flintshire,5,Not answered,9287
W06000006,Wrexham,-8,Does not apply,0
W06000006,Wrexham,1,Straight or Heterosexual,98828
W06000006,Wrexham,2,Gay or Lesbian,1445
W06000006,Wrexham,3,Bisexual,1048
W06000006,Wrexham,4,All other sexual orientations,263
W06000006,Wrexham,5,Not answered,8690
W06000008,Ceredigion,-8,Does not apply,0
W06000008,Ceredigion,1,Straight or Heterosexual,51998
W06000008,Ceredigion,2,Gay or Lesbian,941
W06000008,Ceredigion,3,Bisexual,1617
W06000008,Ceredigion,4,All other sexual orientations,430
W06000008,Ceredigion,5,Not answered,6405
W06000009,Pembrokeshire,-8,Does not apply,0
W06000009,Pembrokeshire,1,Straight or Heterosexual,92094
W06000009,Pembrokeshire,2,Gay or Lesbian,1093
W06000009,Pembrokeshire,3,Bisexual,1050
W06000009,Pembrokeshire,4,All other sexual orientations,220
W06000009,Pembrokeshire,5,Not answered,8094
W06000010,Carmarthenshire,-8,Does not apply,0
W06000010,Carmarthenshire,1,Straight or Heterosexual,139511
W06000010,Carmarthenshire,2,Gay or Lesbian,1845
W06000010,Carmarthenshire,3,Bisexual,1500
W06000010,Carmarthenshire,4,All other sexual orientations,323
W06000010,Carmarthenshire,5,Not answered,12307
W06000011,Swansea,-8,Does not apply,0
W06000011,Swansea,1,Straight or Heterosexual,175739
W06000011,Swansea,2,Gay or Lesbian,3145
W06000011,Swansea,3,Bisexual,2972
W06000011,Swansea,4,All other sexual orientations,587
W06000011,Swansea,5,Not answered,15414
W06000012,Neath Port Talbot,-8,Does not apply,0
W06000012,Neath Port Talbot,1,Straight or Heterosexual,105148
W06000012,Neath Port Talbot,2,Gay or Lesbian,1844
W06000012,Neath Port Talbot,3,Bisexual,1227
W06000012,Neath Port Talbot,4,All other sexual orientations,234
W06000012,Neath Port Talbot,5,Not answered,8732
W06000013,Bridgend,-8,Does not apply,0
W06000013,Bridgend,1,Straight or Heterosexual,108771
W06000013,Bridgend,2,Gay or Lesbian,1618
W06000013,Bridgend,3,Bisexual,1130
W06000013,Bridgend,4,All other sexual orientations,234
W06000013,Bridgend,5,Not answered,7729
W06000014,Vale of Glamorgan,-8,Does not apply,0
W06000014,Vale of Glamorgan,1,Straight or Heterosexual,97072
W06000014,Vale of Glamorgan,2,Gay or Lesbian,1803
W06000014,Vale of Glamorgan,3,Bisexual,1213
W06000014,Vale of Glamorgan,4,All other sexual orientations,278
W06000014,Vale of Glamorgan,5,Not answered,7089
W06000015,Cardiff,-8,Does not apply,0
W06000015,Cardiff,1,Straight or Heterosexual,257826
W06000015,Cardiff,2,Gay or Lesbian,7175
W06000015,Cardiff,3,Bisexual,7027
W06000015,Cardiff,4,All other sexual orientations,1606
W06000015,Cardiff,5,Not answered,22679
W06000016,Rhondda Cynon Taf,-8,Does not apply,0
W06000016,Rhondda Cynon Taf,1,Straight or Heterosexual,174581
W06000016,Rhondda Cynon Taf,2,Gay or Lesbian,2947
W06000016,Rhondda Cynon Taf,3,Bisexual,2158
W06000016,Rhondda Cynon Taf,4,All other sexual orientations,415
W06000016,Rhondda Cynon Taf,5,Not answered,13742
W06000018,Caerphilly,-8,Does not apply,0
W06000018,Caerphilly,1,Straight or Heterosexual,130425
W06000018,Caerphilly,2,Gay or Lesbian,1940
W06000018,Caerphilly,3,Bisexual,1373
W06000018,Caerphilly,4,All other sexual orientations,260
W06000018,Caerphilly,5,Not answered,9484
W06000019,Blaenau Gwent,-8,Does not apply,0
W06000019,Blaenau Gwent,1,Straight or Heterosexual,49953
W06000019,Blaenau Gwent,2,Gay or Lesbian,721
W06000019,Blaenau Gwent,3,Bisexual,483
W06000019,Blaenau Gwent,4,All other sexual orientations,73
W06000019,Blaenau Gwent,5,Not answered,3914
W06000020,Torfaen,-8,Does not apply,0
W06000020,Torfaen,1,Straight or Heterosexual,67893
W06000020,Torfaen,2,Gay or Lesbian,1080
W06000020,Torfaen,3,Bisexual,758
W06000020,Torfaen,4,All other sexual orientations,149
W06000020,Torfaen,5,Not answered,5233
W06000021,Monmouthshire,-8,Does not apply,0
W06000021,Monmouthshire,1,Straight or Heterosexual,71025
W06000021,Monmouthshire,2,Gay or Lesbian,872
W06000021,Monmouthshire,3,Bisexual,763
W06000021,Monmouthshire,4,All other sexual orientations,157
W06000021,Monmouthshire,5,Not answered,5423
W06000022,Newport,-8,Does not apply,0
W06000022,Newport,1,Straight or Heterosexual,115026
W06000022,Newport,2,Gay or Lesbian,1908
W06000022,Newport,3,Bisexual,1397
W06000022,Newport,4,All other sexual orientations,371
W06000022,Newport,5,Not answered,8721
W06000023,Powys,-8,Does not apply,0
W06000023,Powys,1,Straight or Heterosexual,100163
W06000023,Powys,2,Gay or Lesbian,1205
W06000023,Powys,3,Bisexual,1060
W06000023,Powys,4,All other sexual orientations,275
W06000023,Powys,5,Not answered,9832
W06000024,Merthyr Tydfil,-8,Does not apply,0
W06000024,Merthyr Tydfil,1,Straight or Heterosexual,43637
W06000024,Merthyr Tydfil,2,Gay or Lesbian,682
W06000024,Merthyr Tydfil,3,Bisexual,361
W06000024,Merthyr Tydfil,4,All other sexual orientations,87
W06000024,Merthyr Tydfil,5,Not answered,2910
